date,sunrise_pacific,sunset_pacific,lat,lon
2004-03-05,2004-03-05T14:49:51Z,2004-03-06T02:10:32Z,47.01695,-124.35685
2004-03-09,2004-03-09T14:44:14Z,2004-03-10T02:20:29Z,45.00145,-125.15355
2004-03-16,2004-03-16T14:28:27Z,2004-03-17T02:27:04Z,43.82315,-124.5054
2004-03-16,2004-03-16T14:28:35Z,2004-03-17T02:27:09Z,44.01495,-124.5312
2008-08-14,2008-08-14T13:27:44Z,2008-08-15T03:03:58Z,37.05755,-122.4757
2014-08-15,2014-08-15T13:28:19Z,2014-08-16T03:19:08Z,41.4426,-124.46575
2014-08-22,2014-08-22T13:33:12Z,2014-08-23T02:50:11Z,35.75325,-121.839
2015-04-18,2015-04-18T13:36:32Z,2015-04-19T02:59:01Z,39.82525,-124.33615
2015-06-21,2015-06-21T12:42:37Z,2015-06-22T03:03:50Z,33.25185,-117.5496
2015-06-24,2015-06-24T12:51:32Z,2015-06-25T03:17:45Z,34.2179,-120.2519
2015-06-24,2015-06-24T12:51:38Z,2015-06-25T03:17:46Z,34.205,-120.26775
2015-06-26,2015-06-26T12:53:06Z,2015-06-27T03:23:04Z,34.96895,-121.01385
2015-06-26,2015-06-26T12:53:20Z,2015-06-27T03:23:08Z,34.93775,-121.05045
2015-06-27,2015-06-27T12:53:07Z,2015-06-28T03:24:37Z,35.2889,-121.16015
2015-06-28,2015-06-28T12:54:55Z,2015-06-29T03:29:36Z,35.91225,-121.95885
2015-06-29,2015-06-29T12:55:21Z,2015-06-30T03:31:49Z,36.2915,-122.2435
2015-07-09,2015-07-09T12:58:59Z,2015-07-10T03:32:46Z,36.9741,-122.39715
2015-07-09,2015-07-09T12:58:52Z,2015-07-10T03:33:05Z,37.05035,-122.4216
2015-07-10,2015-07-10T13:00:42Z,2015-07-11T03:35:51Z,37.38495,-122.96185
2015-07-11,2015-07-11T13:00:55Z,2015-07-12T03:38:13Z,37.9423,-123.24955
2015-07-12,2015-07-12T13:01:20Z,2015-07-13T03:40:58Z,38.53715,-123.61355
2016-08-28,2016-08-28T13:37:15Z,2016-08-29T02:40:17Z,35.59105,-121.5514
2016-08-28,2016-08-28T13:37:07Z,2016-08-29T02:40:28Z,35.7395,-121.557
2017-08-10,2017-08-10T13:23:04Z,2017-08-11T03:01:30Z,35.2235,-121.40755
2018-08-25,2018-08-25T13:37:28Z,2018-08-26T02:50:38Z,36.7169,-122.622
2018-09-07,2018-09-07T13:44:32Z,2018-09-08T02:27:39Z,35.95715,-121.6563
2018-09-12,2018-09-12T13:43:14Z,2018-09-13T02:13:26Z,34.0726,-120.1628
2018-09-17,2018-09-17T13:42:30Z,2018-09-18T02:01:54Z,33.40275,-119.08875
2018-09-17,2018-09-17T13:41:47Z,2018-09-18T02:01:14Z,33.4956,-118.91625
2018-09-17,2018-09-17T13:41:14Z,2018-09-18T02:00:41Z,33.48705,-118.77675
2018-09-21,2018-09-21T13:38:20Z,2018-09-22T01:49:28Z,33.093,-117.38155
2019-09-01,2019-09-01T13:29:15Z,2019-09-02T02:22:09Z,33.79475,-118.53325
2019-09-01,2019-09-01T13:28:43Z,2019-09-02T02:21:25Z,33.6869,-118.37445
2019-09-02,2019-09-02T13:30:18Z,2019-09-03T02:20:13Z,33.22365,-118.5039
2019-09-03,2019-09-03T13:27:36Z,2019-09-04T02:15:51Z,33.418,-117.7009
2019-09-04,2019-09-04T13:28:28Z,2019-09-05T02:14:18Z,33.1349,-117.69785
2019-09-04,2019-09-04T13:27:45Z,2019-09-05T02:13:44Z,33.23765,-117.538
2019-09-06,2019-09-06T13:30:21Z,2019-09-07T02:11:46Z,32.80125,-117.78655
2019-09-08,2019-09-08T13:29:38Z,2019-09-09T02:07:13Z,32.88795,-117.3034
2019-09-08,2019-09-08T13:30:31Z,2019-09-09T02:07:53Z,32.70155,-117.4965
2021-08-12,2021-08-12T13:27:33Z,2021-08-13T03:05:53Z,36.27065,-122.59035
2021-08-14,2021-08-14T13:24:58Z,2021-08-15T02:56:29Z,35.3907,-121.1768
2021-09-10,2021-09-10T13:44:25Z,2021-09-11T02:19:30Z,35.16125,-120.90825
2021-09-10,2021-09-10T13:44:41Z,2021-09-11T02:19:43Z,35.1085,-120.9671
2021-09-14,2021-09-14T13:42:30Z,2021-09-15T02:07:39Z,33.514,-119.54975
2021-09-15,2021-09-15T13:36:25Z,2021-09-16T01:59:33Z,33.557,-117.86945
2021-09-15,2021-09-15T13:38:53Z,2021-09-16T02:02:10Z,33.7804,-118.5054
2021-09-20,2021-09-20T13:37:44Z,2021-09-21T01:50:28Z,33.10695,-117.3604
2021-09-21,2021-09-21T13:39:36Z,2021-09-22T01:50:12Z,32.66915,-117.652
2022-08-28,2022-08-28T13:25:17Z,2022-08-29T02:24:19Z,33.12925,-118.01815
2022-08-29,2022-08-29T13:29:11Z,2022-08-30T02:26:34Z,33.271,-118.86335
2022-09-28,2022-09-28T13:39:33Z,2022-09-29T01:37:20Z,30.7394,-116.642
2023-07-18,2023-07-18T12:54:25Z,2023-07-19T02:58:56Z,33.0037,-117.346
2023-07-19,2023-07-19T12:57:02Z,2023-07-20T02:58:20Z,32.5425,-117.57705
2023-10-14,2023-10-14T14:31:32Z,2023-10-15T01:35:55Z,44.7779,-124.14095
2023-10-15,2023-10-15T14:34:01Z,2023-10-16T01:33:55Z,45.4241,-124.25655
2023-10-15,2023-10-15T14:33:18Z,2023-10-16T01:33:10Z,45.4371,-124.07325
2023-10-15,2023-10-15T14:33:27Z,2023-10-16T01:32:56Z,45.6105,-124.0649
2023-10-27,2023-10-27T14:47:51Z,2023-10-28T01:16:09Z,44.08845,-124.23385
2023-10-27,2023-10-27T14:47:46Z,2023-10-28T01:16:31Z,43.95325,-124.2709
2024-07-08,2024-07-08T12:53:57Z,2024-07-09T03:03:28Z,32.27275,-118.1152
2024-07-12,2024-07-12T12:54:46Z,2024-07-13T03:05:30Z,33.1948,-118.3398
2024-07-14,2024-07-14T13:01:25Z,2024-07-15T03:08:31Z,32.83825,-119.49325
2024-08-03,2024-08-03T13:16:34Z,2024-08-04T03:06:19Z,35.0274,-121.0139
2024-08-04,2024-08-04T13:19:19Z,2024-08-05T03:08:27Z,35.3047,-121.64425
2024-08-05,2024-08-05T13:20:07Z,2024-08-06T03:08:08Z,35.4681,-121.72675
2024-08-05,2024-08-05T13:21:57Z,2024-08-06T03:09:53Z,35.44565,-122.17375
2024-08-06,2024-08-06T13:22:18Z,2024-08-07T03:09:12Z,35.6415,-122.15825
2004-03-17,2004-03-17T14:26:05Z,2004-03-18T02:27:35Z,45.19165,-124.3479
2004-03-17,2004-03-17T14:26:02Z,2004-03-18T02:27:29Z,45.68055,-124.33085
2018-08-26,2018-08-26T13:36:18Z,2018-08-27T02:46:37Z,36.42965,-122.04265
2018-08-28,2018-08-28T13:40:35Z,2018-08-29T02:45:31Z,35.9629,-122.5846
2018-08-29,2018-08-29T13:40:24Z,2018-08-30T02:42:46Z,35.76635,-122.2935
2018-09-15,2018-09-15T13:42:24Z,2018-09-16T02:06:12Z,33.86315,-119.42685
2018-09-18,2018-09-18T13:38:58Z,2018-09-19T01:56:22Z,33.51545,-118.0476
2019-09-01,2019-09-01T13:29:28Z,2019-09-02T02:22:32Z,33.8942,-118.6095
2021-09-11,2021-09-11T13:42:47Z,2021-09-12T02:14:53Z,34.33035,-120.2171
2021-09-12,2021-09-12T13:41:54Z,2021-09-13T02:11:24Z,33.80135,-119.76
2021-09-13,2021-09-13T13:39:21Z,2021-09-14T02:06:50Z,33.83785,-118.9624
2021-09-14,2021-09-14T13:43:02Z,2021-09-15T02:08:21Z,33.7376,-119.7063
2022-09-18,2022-09-18T13:48:04Z,2022-09-19T02:05:42Z,33.865,-120.3466
2022-09-29,2022-09-29T13:39:33Z,2022-09-30T01:35:36Z,30.41035,-116.51105
2023-07-19,2023-07-19T12:56:56Z,2023-07-20T02:57:47Z,32.4443,-117.4969
2023-07-19,2023-07-19T12:56:55Z,2023-07-20T02:57:55Z,32.476,-117.5109
2023-07-21,2023-07-21T12:57:00Z,2023-07-22T02:59:52Z,33.39925,-117.73415
2023-07-22,2023-07-22T12:58:40Z,2023-07-23T03:00:59Z,33.54925,-118.06665
2004-03-10,2004-03-10T14:39:41Z,2004-03-11T02:19:56Z,44.0223,-124.5827
2004-07-11,2004-07-11T12:35:37Z,2004-07-12T04:12:32Z,46.9933,-124.3495
2004-07-12,2004-07-12T12:37:51Z,2004-07-13T04:10:27Z,46.64895,-124.339
2004-07-12,2004-07-12T12:42:03Z,2004-07-13T04:09:35Z,45.99205,-124.75455
2004-07-20,2004-07-20T13:03:12Z,2004-07-21T03:50:38Z,41.9891,-124.85555
2004-07-21,2004-07-21T13:08:04Z,2004-07-22T03:53:52Z,42.00505,-125.85275
2004-07-22,2004-07-22T13:05:04Z,2004-07-23T03:52:56Z,42.65535,-125.35205
2004-07-24,2004-07-24T13:09:22Z,2004-07-25T03:47:51Z,41.66895,-125.23985
2005-04-04,2005-04-04T13:44:32Z,2005-04-05T02:25:04Z,34.2094,-120.2161
2005-04-04,2005-04-04T13:46:13Z,2005-04-05T02:26:28Z,33.98985,-120.6016
2005-04-06,2005-04-06T13:44:39Z,2005-04-07T02:30:03Z,34.65405,-120.9997
2005-04-06,2005-04-06T13:44:59Z,2005-04-07T02:30:11Z,34.5155,-121.0594
2005-04-12,2005-04-12T13:40:34Z,2005-04-13T02:43:11Z,36.90095,-122.5403
2006-04-26,2006-04-26T13:24:07Z,2006-04-27T03:04:15Z,39.1364,-123.82265
2007-04-20,2007-04-20T13:17:55Z,2007-04-21T02:26:54Z,32.89725,-118.1009
2007-04-22,2007-04-22T13:23:13Z,2007-04-23T02:37:09Z,33.35995,-120.14455
2016-04-03,2016-04-03T14:00:39Z,2016-04-04T02:52:20Z,43.25095,-125.5765
2016-04-03,2016-04-03T14:01:29Z,2016-04-04T02:53:10Z,43.25135,-125.784
2016-04-04,2016-04-04T13:59:00Z,2016-04-05T02:52:53Z,42.83335,-125.5143
2016-04-04,2016-04-04T13:59:57Z,2016-04-05T02:53:51Z,42.8406,-125.75465
2016-04-05,2016-04-05T13:58:53Z,2016-04-06T02:55:18Z,42.6474,-125.8753
2016-09-11,2016-09-11T13:41:02Z,2016-09-12T02:11:51Z,33.6525,-119.64645
2018-08-24,2018-08-24T13:37:23Z,2018-08-25T02:52:44Z,36.7225,-122.8065
2018-08-27,2018-08-27T13:40:03Z,2018-08-28T02:47:30Z,36.12585,-122.69235
2018-08-27,2018-08-27T13:39:59Z,2018-08-28T02:47:50Z,36.30245,-122.7285
2018-08-29,2018-08-29T13:39:42Z,2018-08-30T02:42:20Z,35.8909,-122.1505
2018-09-07,2018-09-07T13:44:09Z,2018-09-08T02:27:12Z,35.9052,-121.5505
2018-09-11,2018-09-11T13:41:59Z,2018-09-12T02:14:38Z,34.4246,-120.06525
2018-09-12,2018-09-12T13:44:12Z,2018-09-13T02:14:16Z,33.93085,-120.3869
2018-09-12,2018-09-12T13:43:55Z,2018-09-13T02:14:02Z,33.96615,-120.3224
2018-09-14,2018-09-14T13:43:10Z,2018-09-15T02:09:01Z,33.8451,-119.78525
2018-09-14,2018-09-14T13:42:13Z,2018-09-15T02:08:07Z,33.8926,-119.55355
2018-09-15,2018-09-15T13:41:38Z,2018-09-16T02:05:26Z,33.85115,-119.2365
2018-09-15,2018-09-15T13:41:28Z,2018-09-16T02:05:19Z,33.9415,-119.20065
2018-09-16,2018-09-16T13:42:36Z,2018-09-17T02:04:07Z,33.5266,-119.284
2018-09-16,2018-09-16T13:43:17Z,2018-09-17T02:04:34Z,33.15855,-119.4267
2018-09-18,2018-09-18T13:39:52Z,2018-09-19T01:57:19Z,33.62185,-118.2792
2018-09-21,2018-09-21T13:39:21Z,2018-09-22T01:50:30Z,33.15565,-117.6391
2019-08-27,2019-08-27T13:29:16Z,2019-08-28T02:33:07Z,34.27705,-119.52975
2019-08-30,2019-08-30T13:33:13Z,2019-08-31T02:29:59Z,33.7366,-119.8524
2019-08-30,2019-08-30T13:34:16Z,2019-08-31T02:30:27Z,33.4401,-120.04235
2019-08-31,2019-08-31T13:32:05Z,2019-09-01T02:26:58Z,33.79125,-119.41075
2019-08-31,2019-08-31T13:30:54Z,2019-09-01T02:25:40Z,33.72605,-119.09975
2019-09-03,2019-09-03T13:28:51Z,2019-09-04T02:17:07Z,33.427,-118.01735
2019-09-03,2019-09-03T13:29:21Z,2019-09-04T02:17:20Z,33.2465,-118.107
2019-09-08,2019-09-08T13:29:49Z,2019-09-09T02:07:33Z,33.0105,-117.368
2021-04-05,2021-04-05T13:46:24Z,2021-04-06T02:28:58Z,34.393,-120.99975
2021-09-15,2021-09-15T13:38:43Z,2021-09-16T02:01:50Z,33.5326,-118.4422
2021-09-19,2021-09-19T13:37:35Z,2021-09-20T01:52:23Z,33.22885,-117.48915
2021-10-08,2021-10-08T13:49:18Z,2021-10-09T01:26:25Z,32.3467,-117.31765
2021-10-09,2021-10-09T13:48:53Z,2021-10-10T01:24:23Z,32.0575,-117.07925
2021-10-10,2021-10-10T13:49:05Z,2021-10-11T01:22:36Z,32.1069,-116.94975
2021-10-10,2021-10-10T13:49:42Z,2021-10-11T01:23:05Z,32.21375,-117.08715
2021-10-11,2021-10-11T13:49:55Z,2021-10-12T01:22:08Z,31.6351,-117.0612
2021-10-11,2021-10-11T13:49:09Z,2021-10-12T01:21:31Z,31.52725,-116.8887
2021-10-11,2021-10-11T13:48:40Z,2021-10-12T01:20:56Z,31.6104,-116.75615
2021-10-14,2021-10-14T13:48:12Z,2021-10-15T01:16:36Z,30.45635,-116.33665
2022-08-03,2022-08-03T13:18:45Z,2022-08-04T03:17:32Z,37.04175,-122.68055
2022-08-04,2022-08-04T13:19:49Z,2022-08-05T03:14:43Z,36.54085,-122.47825
2022-08-04,2022-08-04T13:19:32Z,2022-08-05T03:15:06Z,36.7041,-122.4918
2022-09-19,2022-09-19T13:43:19Z,2022-09-20T01:58:50Z,33.7974,-118.9881
2022-09-19,2022-09-19T13:45:27Z,2022-09-20T02:01:01Z,33.8931,-119.529
2022-09-23,2022-09-23T13:44:33Z,2022-09-24T01:51:44Z,33.56425,-118.6205
2022-09-23,2022-09-23T13:44:18Z,2022-09-24T01:51:29Z,33.61105,-118.55915
2022-09-25,2022-09-25T13:40:45Z,2022-09-26T01:43:53Z,32.7984,-117.3472
2022-09-25,2022-09-25T13:40:52Z,2022-09-26T01:43:58Z,33.07135,-117.36955
2022-09-28,2022-09-28T13:39:23Z,2022-09-29T01:37:06Z,30.9076,-116.59365
2022-09-29,2022-09-29T13:37:57Z,2022-09-30T01:34:04Z,30.22885,-116.1198
2022-09-29,2022-09-29T13:38:38Z,2022-09-30T01:34:38Z,30.534,-116.27725
2023-07-21,2023-07-21T12:57:58Z,2023-07-22T03:00:42Z,33.37025,-117.95945
2023-09-11,2023-09-11T13:50:57Z,2023-09-12T02:27:07Z,37.12035,-122.71975
2024-07-03,2024-07-03T12:47:16Z,2024-07-04T02:42:33Z,28.65305,-114.8652
2004-04-27,2004-04-27T13:26:29Z,2004-04-28T02:59:34Z,36.0518,-123.5872
2004-07-11,2004-07-11T12:37:05Z,2004-07-12T04:14:03Z,47.0007,-124.72305
2004-07-16,2004-07-16T12:50:43Z,2004-07-17T03:59:45Z,44.31805,-124.5057
2004-07-21,2004-07-21T13:13:29Z,2004-07-22T03:59:10Z,41.9882,-127.19405
2004-07-23,2004-07-23T13:05:43Z,2004-07-24T03:52:34Z,42.80035,-125.37905
2004-07-23,2004-07-23T13:05:58Z,2004-07-24T03:52:07Z,42.6812,-125.35325
2004-07-23,2004-07-23T13:06:31Z,2004-07-24T03:51:22Z,42.46035,-125.32905
2005-03-03,2005-03-03T14:58:26Z,2005-03-04T02:09:39Z,48.0338,-125.1886
2005-03-04,2005-03-04T15:04:30Z,2005-03-05T02:19:16Z,48.00325,-127.2074
2005-03-05,2005-03-05T15:05:05Z,2005-03-06T02:23:22Z,47.98925,-127.85025
2005-03-06,2005-03-06T14:54:21Z,2005-03-07T02:17:34Z,46.9948,-125.84405
2005-03-07,2005-03-07T14:49:43Z,2005-03-08T02:16:17Z,47.0003,-125.16725
2005-03-07,2005-03-07T14:46:11Z,2005-03-08T02:13:24Z,46.4952,-124.3649
2005-03-19,2005-03-19T14:22:44Z,2005-03-20T02:29:47Z,45.3552,-124.33905
2005-03-19,2005-03-19T14:22:44Z,2005-03-20T02:29:49Z,45.6803,-124.3423
2005-03-19,2005-03-19T14:22:43Z,2005-03-20T02:29:51Z,46.2728,-124.34375
2005-04-01,2005-04-01T13:38:50Z,2005-04-02T02:11:34Z,32.83215,-117.59065
2005-04-01,2005-04-01T13:39:41Z,2005-04-02T02:12:37Z,33.02845,-117.8268
2006-05-02,2006-05-02T13:13:54Z,2006-05-03T02:45:06Z,32.9576,-120.3321
2007-04-20,2007-04-20T13:16:30Z,2007-04-21T02:25:50Z,33.0401,-117.79125
2007-04-20,2007-04-20T13:19:29Z,2007-04-21T02:28:05Z,32.73995,-118.4459
2007-06-08,2007-06-08T12:38:22Z,2007-06-09T04:09:19Z,45.0207,-125.8409
2010-04-13,2010-04-13T13:36:18Z,2010-04-14T02:34:12Z,33.848,-120.92845
2010-04-18,2010-04-18T13:31:52Z,2010-04-19T02:44:02Z,35.62955,-121.89555
2011-03-25,2011-03-25T14:12:04Z,2011-03-26T02:37:00Z,46.02805,-124.3335
2014-08-08,2014-08-08T13:08:31Z,2014-08-09T03:41:53Z,46.7879,-124.56615
2016-03-29,2016-03-29T14:04:06Z,2016-03-30T02:42:25Z,44.4205,-124.385
2016-04-02,2016-04-02T14:03:48Z,2016-04-03T02:53:07Z,43.60815,-125.99375
2016-04-02,2016-04-02T14:02:11Z,2016-04-03T02:51:29Z,43.60475,-125.5878
2016-04-03,2016-04-03T14:01:12Z,2016-04-04T02:52:47Z,43.19095,-125.70275
2016-04-04,2016-04-04T13:58:33Z,2016-04-05T02:52:39Z,42.96075,-125.4303
2016-04-05,2016-04-05T13:59:45Z,2016-04-06T02:56:06Z,42.61635,-126.08335
2016-04-17,2016-04-17T13:40:53Z,2016-04-18T03:08:46Z,41.94185,-126.084
2016-04-17,2016-04-17T13:40:16Z,2016-04-18T03:07:40Z,41.77725,-125.86915
2016-04-19,2016-04-19T13:36:34Z,2016-04-20T03:07:50Z,41.32345,-125.535
2016-07-18,2016-07-18T12:43:33Z,2016-07-19T04:08:56Z,47.08455,-124.71865
2016-07-20,2016-07-20T12:47:30Z,2016-07-21T04:01:51Z,46.1181,-124.2955
2016-08-23,2016-08-23T13:36:01Z,2016-08-24T02:55:38Z,37.9355,-122.9663
2016-08-24,2016-08-24T13:36:41Z,2016-08-25T02:53:05Z,37.57315,-122.7981
2016-09-11,2016-09-11T13:40:15Z,2016-09-12T02:11:04Z,33.6599,-119.44925
2016-09-12,2016-09-12T13:39:19Z,2016-09-13T02:08:14Z,33.8305,-119.07065
2016-09-17,2016-09-17T13:36:32Z,2016-09-18T01:54:32Z,32.6883,-117.46935
2018-07-16,2018-07-16T12:43:50Z,2018-07-17T04:04:04Z,45.75475,-124.1986
2018-07-28,2018-07-28T13:03:24Z,2018-07-29T03:47:56Z,43.90825,-124.5009
2018-07-28,2018-07-28T13:03:50Z,2018-07-29T03:48:26Z,43.9205,-124.61705
2018-08-28,2018-08-28T13:41:13Z,2018-08-29T02:45:44Z,35.76955,-122.6913
2018-08-28,2018-08-28T13:41:06Z,2018-08-29T02:45:57Z,35.9232,-122.7046
2018-09-13,2018-09-13T13:43:18Z,2018-09-14T02:11:10Z,33.76835,-119.9805
2018-09-13,2018-09-13T13:44:16Z,2018-09-14T02:12:04Z,33.68125,-120.21125
2019-06-29,2019-06-29T12:29:30Z,2019-06-30T04:12:22Z,46.00525,-124.08175
2019-06-30,2019-06-30T12:31:06Z,2019-07-01T04:10:29Z,45.65485,-124.00055
2019-06-30,2019-06-30T12:31:28Z,2019-07-01T04:10:13Z,45.57895,-124.013
2019-06-30,2019-06-30T12:31:51Z,2019-07-01T04:09:58Z,45.49765,-124.0295
2019-07-01,2019-07-01T12:33:48Z,2019-07-02T04:08:27Z,45.1512,-124.03625
2019-07-09,2019-07-09T12:45:07Z,2019-07-10T04:04:47Z,44.20575,-124.6646
2019-07-10,2019-07-10T12:47:14Z,2019-07-11T04:04:11Z,43.99985,-124.81985
2019-08-10,2019-08-10T13:24:21Z,2019-08-11T03:08:10Z,36.4625,-122.38275
2019-08-10,2019-08-10T13:23:03Z,2019-08-11T03:07:22Z,36.60075,-122.1215
2019-08-12,2019-08-12T13:25:07Z,2019-08-13T03:03:36Z,36.04235,-121.98215
2019-08-13,2019-08-13T13:26:37Z,2019-08-14T03:02:25Z,35.82425,-122.0624
2019-08-13,2019-08-13T13:25:07Z,2019-08-14T03:00:50Z,35.80055,-121.6749
2019-08-14,2019-08-14T13:25:56Z,2019-08-15T02:59:13Z,35.6466,-121.6195
2019-08-29,2019-08-29T13:30:18Z,2019-08-30T02:29:34Z,33.9936,-119.36015
2019-08-31,2019-08-31T13:30:54Z,2019-09-01T02:25:59Z,33.8999,-119.13985
2019-09-04,2019-09-04T13:29:45Z,2019-09-05T02:15:34Z,33.1256,-118.0195
2019-09-05,2019-09-05T13:34:30Z,2019-09-06T02:17:36Z,32.61415,-118.95115
2021-03-27,2021-03-27T13:53:21Z,2021-03-28T02:15:47Z,32.9963,-119.5315
2021-04-02,2021-04-02T13:43:30Z,2021-04-03T02:18:27Z,33.29,-119.10085
2021-04-04,2021-04-04T13:46:30Z,2021-04-05T02:26:51Z,34.3119,-120.67515
2021-09-12,2021-09-12T13:42:46Z,2021-09-13T02:12:19Z,33.8637,-119.98395
2021-10-12,2021-10-12T13:49:21Z,2021-10-13T01:20:03Z,31.3845,-116.7944
2021-10-13,2021-10-13T13:48:33Z,2021-10-14T01:17:43Z,31.1665,-116.46145
2021-10-13,2021-10-13T13:48:58Z,2021-10-14T01:18:13Z,31.105,-116.57745
2022-07-27,2022-07-27T13:13:27Z,2022-07-28T03:37:42Z,39.80035,-124.4758
2022-08-03,2022-08-03T13:18:21Z,2022-08-04T03:16:36Z,36.9133,-122.51165
2022-09-14,2022-09-14T13:49:35Z,2022-09-15T02:16:54Z,35.6129,-121.57
2022-09-17,2022-09-17T13:46:30Z,2022-09-18T02:06:20Z,34.0803,-120.14005
2022-09-24,2022-09-24T13:44:47Z,2022-09-25T01:49:55Z,32.8263,-118.51345
2023-07-28,2023-07-28T13:11:02Z,2023-07-29T03:10:00Z,34.65935,-120.7135
2023-11-01,2023-11-01T15:06:03Z,2023-11-02T01:03:37Z,48.091,-125.003
2023-11-01,2023-11-01T15:06:38Z,2023-11-02T01:04:10Z,48.1028,-125.1449
2024-07-10,2024-07-10T12:52:46Z,2024-07-11T03:02:05Z,32.54805,-117.72575
2024-09-14,2024-09-14T13:55:54Z,2024-09-15T02:31:39Z,46.05765,-124.247
2003-07-14,2003-07-14T12:38:45Z,2003-07-15T04:12:00Z,46.99675,-124.60795
2003-07-18,2003-07-18T12:50:16Z,2003-07-19T03:59:47Z,44.7057,-124.4267
2004-04-25,2004-04-25T13:27:48Z,2004-04-26T02:54:55Z,35.42985,-123.0968
2004-04-25,2004-04-25T13:27:55Z,2004-04-26T02:54:51Z,35.37165,-123.1047
2004-04-27,2004-04-27T13:26:29Z,2004-04-28T02:59:32Z,36.04325,-123.58325
2004-07-15,2004-07-15T12:46:49Z,2004-07-16T04:02:08Z,44.98585,-124.3394
2004-07-18,2004-07-18T13:04:54Z,2004-07-19T04:01:58Z,43.00755,-126.5157
2004-07-19,2004-07-19T12:59:14Z,2004-07-20T03:54:25Z,42.97745,-124.84765
2004-07-20,2004-07-20T13:01:27Z,2004-07-21T03:50:51Z,42.3158,-124.6633
2004-07-22,2004-07-22T13:03:17Z,2004-07-23T03:51:23Z,42.69595,-124.934
2004-07-23,2004-07-23T13:06:17Z,2004-07-24T03:51:42Z,42.55655,-125.34075
2004-07-23,2004-07-23T13:06:31Z,2004-07-24T03:51:49Z,42.5362,-125.38555
2005-03-08,2005-03-08T14:50:01Z,2005-03-09T02:21:09Z,46.00305,-125.87605
2005-03-15,2005-03-15T14:32:00Z,2005-03-16T02:27:05Z,42.98605,-124.85455
2005-03-15,2005-03-15T14:31:09Z,2005-03-16T02:26:27Z,42.31895,-124.67135
2005-03-16,2005-03-16T14:29:02Z,2005-03-17T02:27:18Z,41.9859,-124.5873
2005-04-02,2005-04-02T13:44:54Z,2005-04-03T02:19:52Z,33.0254,-119.46285
2005-04-06,2005-04-06T13:45:35Z,2005-04-07T02:30:45Z,34.49575,-121.2033
2005-04-23,2005-04-23T13:32:32Z,2005-04-24T03:00:32Z,37.26395,-124.3004
2005-04-25,2005-04-25T13:24:31Z,2005-04-26T02:48:25Z,34.53305,-121.8648
2005-04-25,2005-04-25T13:23:43Z,2005-04-26T02:47:50Z,34.60605,-121.69125
2006-05-02,2006-05-02T13:11:32Z,2006-05-03T02:43:30Z,33.1883,-119.83745
2006-05-06,2006-05-06T13:12:27Z,2006-05-07T02:58:50Z,35.2729,-121.94265
2006-05-06,2006-05-06T13:15:49Z,2006-05-07T03:01:02Z,34.96015,-122.6403
2006-05-07,2006-05-07T13:19:31Z,2006-05-08T03:09:46Z,35.80855,-124.2054
2007-04-21,2007-04-21T13:25:56Z,2007-04-22T02:34:24Z,31.93245,-120.0933
2007-04-21,2007-04-21T13:26:42Z,2007-04-22T02:34:59Z,31.85605,-120.25945
2007-04-22,2007-04-22T13:23:03Z,2007-04-23T02:36:44Z,33.2708,-120.0709
2007-04-22,2007-04-22T13:24:53Z,2007-04-23T02:38:34Z,33.2632,-120.5288
2007-06-08,2007-06-08T12:36:10Z,2007-06-09T04:07:18Z,45.04435,-125.3127
2008-04-17,2008-04-17T13:27:20Z,2008-04-18T02:31:57Z,32.8502,-119.79295
2008-04-18,2008-04-18T13:26:58Z,2008-04-19T02:34:50Z,33.4229,-120.16055
2008-07-21,2008-07-21T12:59:58Z,2008-07-22T03:52:18Z,43.0799,-124.6468
2009-04-25,2009-04-25T13:21:12Z,2009-04-26T02:43:10Z,33.89615,-120.79365
2009-05-02,2009-05-02T13:11:17Z,2009-05-03T02:40:33Z,32.2607,-119.4417
2009-05-02,2009-05-02T13:13:56Z,2009-05-03T02:42:24Z,32.0105,-120.0044
2010-04-18,2010-04-18T13:36:18Z,2010-04-19T02:53:32Z,37.60975,-123.63795
2010-04-19,2010-04-19T13:36:18Z,2010-04-20T02:53:38Z,36.80465,-123.7043
2010-04-27,2010-04-27T13:27:45Z,2010-04-28T03:02:44Z,36.98225,-124.1221
2010-04-19,2010-04-19T13:32:59Z,2010-04-20T02:49:23Z,36.4442,-122.75695
2011-04-02,2011-04-02T13:56:29Z,2011-04-03T02:35:20Z,37.3809,-122.80205
2011-04-04,2011-04-04T13:51:37Z,2011-04-05T02:34:25Z,36.8018,-122.23125
2011-04-09,2011-04-09T13:49:03Z,2011-04-10T02:39:20Z,34.47305,-122.88305
2011-04-10,2011-04-10T13:48:36Z,2011-04-11T02:39:20Z,33.5227,-122.89425
2011-04-11,2011-04-11T13:39:59Z,2011-04-12T02:34:28Z,34.4822,-121.2768
2011-04-11,2011-04-11T13:39:33Z,2011-04-12T02:33:47Z,34.34895,-121.13615
2011-04-16,2011-04-16T13:45:34Z,2011-04-17T02:49:48Z,34.22615,-124.20345
2011-04-18,2011-04-18T13:31:09Z,2011-04-19T02:42:18Z,35.4308,-121.57505
2011-03-28,2011-03-28T14:04:04Z,2011-03-29T02:30:50Z,37.2252,-122.7993
2011-03-28,2011-03-28T14:04:41Z,2011-03-29T02:31:25Z,37.16145,-122.9502
2011-03-28,2011-03-28T14:04:12Z,2011-03-29T02:30:51Z,37.0843,-122.8186
2011-03-29,2011-03-29T14:09:22Z,2011-03-30T02:37:56Z,36.5173,-124.4279
2011-04-05,2011-04-05T13:58:45Z,2011-04-06T02:42:28Z,35.82805,-124.20245
2011-04-06,2011-04-06T13:54:58Z,2011-04-07T02:40:15Z,35.38305,-123.52555
2011-04-26,2011-04-26T13:23:51Z,2011-04-27T02:48:49Z,34.6032,-121.849
2012-04-25,2012-04-25T13:25:17Z,2012-04-26T02:50:10Z,34.74195,-122.1859
2015-04-10,2015-04-10T13:52:51Z,2015-04-11T02:58:12Z,41.20975,-125.782
2015-08-12,2015-08-12T13:14:17Z,2015-08-13T03:34:24Z,46.2619,-124.47975
2016-07-09,2016-07-09T12:32:08Z,2016-07-10T04:30:17Z,49.0979,-126.20225
2016-07-20,2016-07-20T12:48:27Z,2016-07-21T04:02:23Z,46.05715,-124.48135
2016-08-01,2016-08-01T13:11:12Z,2016-08-02T03:43:02Z,43.42695,-124.90125
2016-08-21,2016-08-21T13:38:04Z,2016-08-22T03:04:28Z,38.73075,-124.20075
2016-08-22,2016-08-22T13:37:17Z,2016-08-23T03:00:28Z,38.4076,-123.6652
2016-08-22,2016-08-22T13:38:22Z,2016-08-23T03:01:53Z,38.52665,-123.9786
2017-07-03,2017-07-03T12:28:31Z,2017-07-04T04:19:15Z,47.3595,-124.61515
2018-07-14,2018-07-14T12:41:10Z,2018-07-15T04:08:29Z,46.2516,-124.46975
2018-08-07,2018-08-07T13:20:37Z,2018-08-08T03:28:43Z,41.0874,-124.4011
2019-07-16,2019-07-16T12:59:16Z,2019-07-17T03:54:34Z,42.0004,-124.94855
2019-07-16,2019-07-16T12:58:36Z,2019-07-17T03:53:51Z,41.9948,-124.7743
2019-07-17,2019-07-17T12:59:08Z,2019-07-18T03:50:25Z,41.5935,-124.38965
2019-07-18,2019-07-18T13:02:10Z,2019-07-19T03:48:17Z,40.98335,-124.4809
2019-07-18,2019-07-18T13:01:57Z,2019-07-19T03:48:39Z,41.08335,-124.49965
2019-07-18,2019-07-18T13:01:23Z,2019-07-19T03:48:18Z,41.11875,-124.38475
2019-07-21,2019-07-21T13:06:45Z,2019-07-22T03:46:16Z,40.65725,-124.75125
2019-07-21,2019-07-21T13:06:50Z,2019-07-22T03:45:54Z,40.5794,-124.71575
2019-08-02,2019-08-02T13:25:02Z,2019-08-03T03:30:03Z,37.97555,-125.0107
2019-08-07,2019-08-07T13:23:53Z,2019-08-08T03:20:54Z,38.3537,-123.82515
2019-08-07,2019-08-07T13:23:44Z,2019-08-08T03:20:12Z,38.2215,-123.71935
2019-08-09,2019-08-09T13:23:56Z,2019-08-10T03:11:20Z,36.90475,-122.6943
2019-08-09,2019-08-09T13:23:14Z,2019-08-10T03:10:17Z,36.8136,-122.4751
2019-08-10,2019-08-10T13:24:25Z,2019-08-11T03:08:51Z,36.62825,-122.4768
2019-08-11,2019-08-11T13:25:56Z,2019-08-12T03:06:24Z,36.0615,-122.3946
2019-08-11,2019-08-11T13:25:02Z,2019-08-12T03:05:51Z,36.16575,-122.2149
2019-08-12,2019-08-12T13:27:07Z,2019-08-13T03:04:57Z,35.85735,-122.4018
2019-08-13,2019-08-13T13:26:36Z,2019-08-14T03:01:50Z,35.65755,-121.98765
2021-03-27,2021-03-27T13:54:12Z,2021-03-28T02:16:39Z,33.01535,-119.747
2021-04-03,2021-04-03T13:48:15Z,2021-04-04T02:25:52Z,33.80375,-120.69415
2021-07-21,2021-07-21T12:57:08Z,2021-07-22T03:53:46Z,43.659,-124.48075
2021-07-21,2021-07-21T12:56:46Z,2021-07-22T03:54:30Z,43.835,-124.52585
2021-08-05,2021-08-05T13:21:55Z,2021-08-06T03:30:31Z,40.33465,-124.74405
2021-10-03,2021-10-03T14:21:09Z,2021-10-04T01:59:15Z,43.0311,-125.0245
2022-07-29,2022-07-29T13:15:30Z,2022-07-30T03:32:34Z,39.0794,-124.09575
2022-08-02,2022-08-02T13:17:15Z,2022-08-03T03:19:22Z,37.40055,-122.70485
2022-08-04,2022-08-04T13:18:51Z,2022-08-05T03:14:11Z,36.64375,-122.2912
2022-08-27,2022-08-27T13:23:46Z,2022-08-28T02:23:51Z,32.71765,-117.6971
2022-09-13,2022-09-13T13:50:15Z,2022-09-14T02:20:40Z,36.58545,-122.03225
2022-09-22,2022-09-22T13:43:02Z,2022-09-23T01:52:15Z,33.2844,-118.4048
2023-07-22,2023-07-22T13:00:32Z,2023-07-23T03:02:36Z,33.49445,-118.5054
2023-09-10,2023-09-10T13:47:19Z,2023-09-11T02:25:24Z,36.7727,-121.96075
2023-10-13,2023-10-13T14:31:01Z,2023-10-14T01:39:07Z,44.42525,-124.4159
2023-10-16,2023-10-16T14:36:16Z,2023-10-17T01:31:28Z,46.0971,-124.288
2024-07-04,2024-07-04T12:47:17Z,2024-07-05T02:45:07Z,29.30855,-115.14515
2024-07-04,2024-07-04T12:48:16Z,2024-07-05T02:45:42Z,29.2226,-115.3425
2024-07-15,2024-07-15T12:59:06Z,2024-07-16T03:06:44Z,33.15815,-118.95375
2024-07-16,2024-07-16T12:57:51Z,2024-07-17T03:05:06Z,33.2975,-118.57275
2024-07-25,2024-07-25T13:07:37Z,2024-07-26T03:04:14Z,33.36575,-119.566
2024-07-25,2024-07-25T13:07:16Z,2024-07-26T03:04:42Z,33.5566,-119.5806
2024-09-17,2024-09-17T14:00:14Z,2024-09-18T02:27:03Z,47.00485,-124.49075
2003-07-09,2003-07-09T12:50:55Z,2003-07-10T04:01:59Z,43.0156,-125.0348
2003-07-09,2003-07-09T12:51:40Z,2003-07-10T04:02:37Z,43.00005,-125.2075
2003-07-09,2003-07-09T12:52:02Z,2003-07-10T04:03:01Z,43.003,-125.3057
2003-07-10,2003-07-10T12:48:03Z,2003-07-11T04:04:46Z,43.99625,-124.99015
2003-07-15,2003-07-15T12:37:03Z,2003-07-16T04:16:33Z,47.99875,-124.93955
2003-07-18,2003-07-18T12:48:52Z,2003-07-19T03:59:34Z,44.87995,-124.227
2003-07-18,2003-07-18T12:49:03Z,2003-07-19T03:59:32Z,44.8473,-124.24285
2003-07-19,2003-07-19T12:50:26Z,2003-07-20T03:58:44Z,44.79215,-124.2999
2003-07-20,2003-07-20T12:54:14Z,2003-07-21T03:56:28Z,44.15365,-124.4718
2003-07-22,2003-07-22T12:56:16Z,2003-07-23T03:54:28Z,44.10795,-124.4513
2003-07-21,2003-07-21T12:55:12Z,2003-07-22T03:55:35Z,44.15335,-124.4712
2003-07-22,2003-07-22T12:48:49Z,2003-07-23T04:00:57Z,46.2042,-124.33065
2003-07-22,2003-07-22T12:49:15Z,2003-07-23T04:00:54Z,46.1355,-124.3792
2003-07-22,2003-07-22T12:49:43Z,2003-07-23T04:00:32Z,46.01555,-124.3907
2003-07-23,2003-07-23T12:49:43Z,2003-07-24T04:01:13Z,46.4176,-124.4652
2003-07-23,2003-07-23T12:50:09Z,2003-07-24T04:00:13Z,46.21015,-124.3949
2003-07-24,2003-07-24T12:50:19Z,2003-07-25T04:01:50Z,46.7388,-124.61025
2004-03-14,2004-03-14T14:39:37Z,2004-03-15T02:32:56Z,42.0042,-126.48555
2004-04-25,2004-04-25T13:27:18Z,2004-04-26T02:54:42Z,35.51965,-123.0078
2004-04-26,2004-04-26T13:26:01Z,2004-04-27T02:53:28Z,34.90005,-122.73135
2004-04-27,2004-04-27T13:27:24Z,2004-04-28T03:00:11Z,35.96095,-123.7771
2004-04-27,2004-04-27T13:28:14Z,2004-04-28T03:00:42Z,35.86015,-123.9471
2004-07-16,2004-07-16T12:49:16Z,2004-07-17T04:00:38Z,44.65845,-124.4361
2004-07-16,2004-07-16T12:52:11Z,2004-07-17T03:59:03Z,43.99995,-124.6022
2004-07-19,2004-07-19T12:59:36Z,2004-07-20T03:53:35Z,42.7848,-124.7897
2004-07-20,2004-07-20T13:02:09Z,2004-07-21T03:49:38Z,41.99935,-124.5987
2005-03-08,2005-03-08T14:43:59Z,2005-03-09T02:15:07Z,45.99715,-124.36705
2005-03-08,2005-03-08T14:47:15Z,2005-03-09T02:18:24Z,45.9917,-125.18815
2006-04-25,2006-04-25T13:36:58Z,2006-04-26T03:18:34Z,40.22885,-127.1803
2006-04-26,2006-04-26T13:27:20Z,2006-04-27T03:06:05Z,38.73045,-124.45505
2006-05-07,2006-05-07T13:23:03Z,2006-05-08T03:12:05Z,35.4933,-124.9382
2006-05-07,2006-05-07T13:18:02Z,2006-05-08T03:08:48Z,35.9402,-123.9023
2007-04-21,2007-04-21T13:27:20Z,2007-04-22T02:35:27Z,31.79385,-120.39865
2007-04-23,2007-04-23T13:27:07Z,2007-04-24T02:43:55Z,33.72405,-121.5214
2007-04-29,2007-04-29T13:27:54Z,2007-04-30T03:02:32Z,35.78675,-124.17415
2007-04-29,2007-04-29T13:29:29Z,2007-04-30T03:03:28Z,35.5938,-124.4883
2007-06-10,2007-06-10T12:41:35Z,2007-06-11T03:59:12Z,43.0061,-124.886
2008-04-14,2008-04-14T13:34:27Z,2008-04-15T02:31:07Z,31.7508,-120.4046
2008-04-17,2008-04-17T13:30:59Z,2008-04-18T02:34:44Z,32.4665,-120.59505
2008-04-26,2008-04-26T13:29:40Z,2008-04-27T02:55:58Z,34.5449,-123.49815
2008-04-27,2008-04-27T13:21:15Z,2008-04-28T02:51:46Z,35.28245,-121.95595
2008-07-05,2008-07-05T12:38:33Z,2008-07-06T04:07:37Z,44.98655,-124.3188
2008-07-06,2008-07-06T12:29:19Z,2008-07-07T04:25:33Z,48.4185,-125.3656
2008-07-09,2008-07-09T12:33:44Z,2008-07-10T04:15:02Z,47.1568,-124.49555
2008-07-09,2008-07-09T12:34:28Z,2008-07-10T04:13:52Z,46.9256,-124.44
2008-07-09,2008-07-09T12:35:43Z,2008-07-10T04:12:52Z,46.64405,-124.4716
2008-07-12,2008-07-12T12:40:06Z,2008-07-13T04:07:36Z,45.9771,-124.2639
2008-07-12,2008-07-12T12:40:38Z,2008-07-13T04:05:39Z,45.64945,-124.0882
2008-07-12,2008-07-12T12:42:28Z,2008-07-13T04:05:02Z,45.3193,-124.2398
2008-07-15,2008-07-15T12:51:33Z,2008-07-16T04:00:21Z,44.03615,-124.7093
2008-07-15,2008-07-15T12:52:25Z,2008-07-16T03:59:48Z,43.8262,-124.74905
2008-07-15,2008-07-15T12:53:40Z,2008-07-16T03:58:31Z,43.44665,-124.74405
2008-07-16,2008-07-16T12:48:54Z,2008-07-17T04:00:48Z,44.7251,-124.41065
2008-07-16,2008-07-16T12:49:14Z,2008-07-17T03:59:45Z,44.5266,-124.32005
2008-07-21,2008-07-21T13:00:38Z,2008-07-22T03:52:06Z,42.93865,-124.7053
2008-07-21,2008-07-21T13:01:40Z,2008-07-22T03:51:25Z,42.6567,-124.7482
2008-07-25,2008-07-25T13:06:39Z,2008-07-26T03:45:22Z,42.0337,-124.58695
2008-07-25,2008-07-25T13:07:20Z,2008-07-26T03:44:26Z,41.745,-124.55515
2008-07-27,2008-07-27T13:17:13Z,2008-07-28T03:46:30Z,41.0026,-126.04765
2008-07-28,2008-07-28T13:12:39Z,2008-07-29T03:38:44Z,40.75345,-124.508
2008-07-31,2008-07-31T13:16:54Z,2008-08-01T03:29:21Z,39.14,-123.8923
2008-08-09,2008-08-09T13:26:06Z,2008-08-10T03:12:20Z,37.04315,-123.1198
2009-04-20,2009-04-20T13:33:51Z,2009-04-21T02:50:35Z,35.56315,-123.0776
2009-04-20,2009-04-20T13:34:44Z,2009-04-21T02:51:12Z,35.46465,-123.26655
2009-04-20,2009-04-20T13:35:34Z,2009-04-21T02:51:49Z,35.37665,-123.4487
2009-04-21,2009-04-21T13:36:10Z,2009-04-22T02:52:08Z,34.512,-123.6107
2009-04-21,2009-04-21T13:34:03Z,2009-04-22T02:50:37Z,34.7346,-123.15675
2009-04-23,2009-04-23T13:30:21Z,2009-04-24T02:48:58Z,34.04935,-122.5799
2009-04-25,2009-04-25T13:23:03Z,2009-04-26T02:44:30Z,33.7165,-121.1904
2009-04-25,2009-04-25T13:21:52Z,2009-04-26T02:43:39Z,33.8367,-120.9362
2009-04-28,2009-04-28T13:22:09Z,2009-04-29T02:46:25Z,32.8328,-121.42555
2009-04-28,2009-04-28T13:22:56Z,2009-04-29T02:46:57Z,32.7507,-121.5873
2009-04-28,2009-04-28T13:23:44Z,2009-04-29T02:47:27Z,32.6542,-121.75095
2009-04-28,2009-04-28T13:24:53Z,2009-04-29T02:48:18Z,32.5499,-122.00065
2009-04-30,2009-04-30T13:15:17Z,2009-05-01T02:42:34Z,32.6901,-120.1442
2009-05-02,2009-05-02T13:12:04Z,2009-05-03T02:41:10Z,32.20855,-119.61625
2009-05-02,2009-05-02T13:12:44Z,2009-05-03T02:41:34Z,32.1284,-119.75105
2009-05-05,2009-05-05T13:10:10Z,2009-05-06T02:41:34Z,31.4609,-119.48745
2009-05-05,2009-05-05T13:10:31Z,2009-05-06T02:41:48Z,31.42835,-119.5612
2009-05-05,2009-05-05T13:10:59Z,2009-05-06T02:42:09Z,31.39115,-119.6624
2009-05-06,2009-05-06T13:09:20Z,2009-05-07T02:42:25Z,31.50605,-119.50525
2009-05-06,2009-05-06T13:09:43Z,2009-05-07T02:42:39Z,31.45795,-119.58245
2009-05-06,2009-05-06T13:10:36Z,2009-05-07T02:43:13Z,31.3622,-119.7634
2010-04-19,2010-04-19T13:37:07Z,2010-04-20T02:54:15Z,36.72555,-123.88375
2010-04-19,2010-04-19T13:34:38Z,2010-04-20T02:50:37Z,36.28875,-123.11705
2010-04-20,2010-04-20T13:38:18Z,2010-04-21T02:55:09Z,35.8053,-124.19365
2010-04-20,2010-04-20T13:39:06Z,2010-04-21T02:55:40Z,35.7017,-124.35695
2011-04-09,2011-04-09T13:48:50Z,2011-04-10T02:38:53Z,34.3314,-122.8007
2011-04-09,2011-04-09T13:48:11Z,2011-04-10T02:38:22Z,34.4119,-122.6532
2011-04-10,2011-04-10T13:48:07Z,2011-04-11T02:39:13Z,33.7413,-122.82095
2011-04-11,2011-04-11T13:40:37Z,2011-04-12T02:34:58Z,34.41015,-121.41815
2011-04-15,2011-04-15T13:41:06Z,2011-04-16T02:46:05Z,35.5039,-123.12125
2011-04-15,2011-04-15T13:41:54Z,2011-04-16T02:46:41Z,35.41295,-123.29715
2011-04-15,2011-04-15T13:40:59Z,2011-04-16T02:45:34Z,35.31815,-123.04065
2011-04-16,2011-04-16T13:46:16Z,2011-04-17T02:50:21Z,34.14925,-124.35895
2011-04-17,2011-04-17T13:39:49Z,2011-04-18T02:47:07Z,34.6833,-123.20455
2011-04-19,2011-04-19T13:34:24Z,2011-04-20T02:44:54Z,34.33315,-122.3604
2011-04-19,2011-04-19T13:34:03Z,2011-04-20T02:44:12Z,34.1913,-122.23005
2011-04-21,2011-04-21T13:29:48Z,2011-04-22T02:42:15Z,33.552,-121.5559
2011-04-25,2011-04-25T13:16:19Z,2011-04-26T02:32:59Z,32.36755,-118.8875
2011-03-29,2011-03-29T14:08:37Z,2011-03-30T02:37:14Z,36.58825,-124.24755
2011-04-26,2011-04-26T13:24:45Z,2011-04-27T02:49:27Z,34.5124,-122.03905
2012-04-05,2012-04-05T14:01:46Z,2012-04-06T02:49:50Z,37.5975,-125.55405
2012-04-09,2012-04-09T13:54:23Z,2012-04-10T02:50:43Z,36.9634,-125.0228
2012-04-12,2012-04-12T13:45:52Z,2012-04-13T02:47:01Z,35.9914,-123.69445
2012-04-16,2012-04-16T13:37:48Z,2012-04-17T02:45:08Z,34.9313,-122.6917
2012-04-17,2012-04-17T13:38:35Z,2012-04-18T02:45:51Z,34.03155,-122.9346
2012-04-17,2012-04-17T13:37:46Z,2012-04-18T02:45:15Z,34.11825,-122.7564
2012-04-25,2012-04-25T13:26:45Z,2012-04-26T02:53:23Z,35.3206,-122.77055
2012-04-15,2012-04-15T13:31:58Z,2012-04-16T02:32:59Z,32.98325,-120.3856
2012-04-20,2012-04-20T13:27:58Z,2012-04-21T02:37:36Z,32.62415,-120.73035
2012-04-28,2012-04-28T13:24:22Z,2012-04-29T02:58:56Z,35.9458,-123.27415
2012-07-02,2012-07-02T12:57:08Z,2012-07-03T03:40:31Z,37.81105,-123.3818
2012-07-06,2012-07-06T13:00:19Z,2012-07-07T03:43:42Z,38.3047,-124.01225
2012-07-11,2012-07-11T13:01:17Z,2012-07-12T03:45:44Z,39.3218,-124.2105
2012-07-17,2012-07-17T13:04:03Z,2012-07-18T03:44:07Z,39.89905,-124.1987
2012-07-18,2012-07-18T13:04:46Z,2012-07-19T03:46:21Z,40.41965,-124.54815
2012-07-18,2012-07-18T13:04:49Z,2012-07-19T03:46:47Z,40.4857,-124.60755
2012-07-18,2012-07-18T13:04:48Z,2012-07-19T03:47:02Z,40.5331,-124.6367
2012-07-22,2012-07-22T13:03:38Z,2012-07-23T03:51:00Z,42.5492,-124.93165
2012-07-23,2012-07-23T13:02:40Z,2012-07-24T03:50:51Z,42.9995,-124.7851
2012-07-24,2012-07-24T13:00:02Z,2012-07-25T03:50:28Z,43.6962,-124.40125
2012-07-25,2012-07-25T12:59:58Z,2012-07-26T03:51:40Z,44.2402,-124.5384
2012-08-01,2012-08-01T13:05:24Z,2012-08-02T03:43:42Z,44.6273,-124.26045
2012-08-10,2012-08-10T13:12:32Z,2012-08-11T03:46:44Z,48.29605,-125.75645
2012-08-17,2012-08-17T13:19:52Z,2012-08-18T03:34:24Z,48.7667,-125.4437
2012-08-20,2012-08-20T13:31:18Z,2012-08-21T03:41:45Z,50.06535,-127.95915
2013-05-01,2013-05-01T13:06:19Z,2013-05-02T02:38:06Z,33.56255,-118.49075
2013-05-01,2013-05-01T13:07:09Z,2013-05-02T02:39:09Z,33.63325,-118.7258
2015-04-02,2015-04-02T14:00:47Z,2015-04-03T02:47:45Z,43.50785,-124.8896
2015-04-05,2015-04-05T13:56:02Z,2015-04-06T02:51:14Z,43.16245,-124.95495
2016-08-01,2016-08-01T13:11:14Z,2016-08-02T03:43:06Z,43.4295,-124.913
2016-08-07,2016-08-07T13:26:32Z,2016-08-08T03:28:31Z,39.94,-125.13015
2016-08-07,2016-08-07T13:26:40Z,2016-08-08T03:29:00Z,40.02185,-125.20895
2016-08-27,2016-08-27T13:36:36Z,2016-08-28T02:42:54Z,36.11375,-121.725
2017-04-01,2017-04-01T13:48:50Z,2017-04-02T02:22:05Z,33.53885,-120.1479
2017-04-03,2017-04-03T13:47:47Z,2017-04-04T02:25:31Z,33.835,-120.5966
2017-04-13,2017-04-13T13:41:31Z,2017-04-14T02:42:36Z,35.227,-122.64265
2017-07-05,2017-07-05T12:33:16Z,2017-07-06T04:15:18Z,46.5755,-124.63235
2017-07-08,2017-07-08T12:39:31Z,2017-07-09T04:10:12Z,45.59805,-124.65945
2017-07-09,2017-07-09T12:41:39Z,2017-07-10T04:08:35Z,45.27545,-124.6886
2017-07-10,2017-07-10T12:42:47Z,2017-07-11T04:05:38Z,44.90725,-124.428
2017-07-11,2017-07-11T12:45:27Z,2017-07-12T04:04:45Z,44.60775,-124.6186
2017-07-21,2017-07-21T12:55:52Z,2017-07-22T03:57:17Z,44.4186,-124.7615
2017-07-21,2017-07-21T12:56:14Z,2017-07-22T03:57:14Z,44.35585,-124.8009
2017-07-21,2017-07-21T12:56:20Z,2017-07-22T03:56:35Z,44.24175,-124.7314
2017-07-22,2017-07-22T12:58:14Z,2017-07-23T03:54:24Z,43.8965,-124.6839
2017-07-25,2017-07-25T13:05:17Z,2017-07-26T03:49:48Z,42.9345,-124.96945
2017-07-29,2017-07-29T13:12:52Z,2017-07-30T03:38:13Z,40.8613,-124.4756
2017-08-03,2017-08-03T13:20:02Z,2017-08-04T03:26:35Z,38.976,-123.97665
2017-08-03,2017-08-03T13:21:09Z,2017-08-04T03:25:48Z,38.5441,-124.01885
2018-08-04,2018-08-04T13:18:36Z,2018-08-05T03:35:38Z,41.5876,-124.9422
2018-08-05,2018-08-05T13:20:05Z,2018-08-06T03:33:06Z,41.197,-124.8334
2019-07-01,2019-07-01T12:34:10Z,2019-07-02T04:08:57Z,45.16885,-124.14625
2019-07-08,2019-07-08T12:41:52Z,2019-07-09T04:05:21Z,44.56145,-124.36725
2021-08-05,2021-08-05T13:20:58Z,2021-08-06T03:29:52Z,40.4011,-124.5434
2023-07-21,2023-07-21T12:59:08Z,2023-07-22T03:01:08Z,33.20715,-118.1567
2023-10-29,2023-10-29T14:56:39Z,2023-10-30T01:09:07Z,46.78315,-124.4905
2023-10-29,2023-10-29T14:57:18Z,2023-10-30T01:09:09Z,46.9377,-124.5737
2023-10-31,2023-10-31T15:01:37Z,2023-11-01T01:05:15Z,47.42915,-124.648
2024-07-16,2024-07-16T12:58:13Z,2024-07-17T03:06:01Z,33.411,-118.7307
2024-08-08,2024-08-08T13:22:53Z,2024-08-09T03:08:57Z,36.398,-122.257
2024-09-21,2024-09-21T14:06:27Z,2024-09-22T02:20:26Z,48.5565,-124.81075
2003-07-09,2003-07-09T12:51:17Z,2003-07-10T04:02:15Z,43.00045,-125.1154
2003-07-12,2003-07-12T12:39:30Z,2003-07-13T04:08:14Z,45.99945,-124.2883
2003-07-18,2003-07-18T12:50:43Z,2003-07-19T03:59:44Z,44.6339,-124.47655
2003-07-20,2003-07-20T12:54:12Z,2003-07-21T03:56:16Z,44.1286,-124.4461
2003-07-20,2003-07-20T12:54:26Z,2003-07-21T03:56:05Z,44.0644,-124.45215
2003-07-21,2003-07-21T12:55:28Z,2003-07-22T03:56:06Z,44.19275,-124.56905
2003-07-23,2003-07-23T12:49:46Z,2003-07-24T04:00:29Z,46.3038,-124.38005
2003-07-25,2003-07-25T12:51:44Z,2003-07-26T04:00:10Z,46.6154,-124.5743
2004-04-22,2004-04-22T13:33:34Z,2004-04-23T02:59:56Z,37.255,-124.322
2004-04-24,2004-04-24T13:29:42Z,2004-04-25T02:58:34Z,36.67105,-123.7517
2004-04-26,2004-04-26T13:26:54Z,2004-04-27T02:53:56Z,34.7638,-122.89905
2004-07-12,2004-07-12T12:39:07Z,2004-07-13T04:09:11Z,46.32245,-124.33955
2004-07-17,2004-07-17T12:58:09Z,2004-07-18T04:03:21Z,44.0013,-125.86485
2005-03-12,2005-03-12T14:36:32Z,2005-03-13T02:22:07Z,43.99895,-124.585
2005-03-13,2005-03-13T14:42:25Z,2005-03-14T02:31:04Z,43.9924,-126.51155
2005-04-05,2005-04-05T13:48:35Z,2005-04-06T02:31:22Z,34.30515,-121.5856
2007-04-23,2007-04-23T13:28:19Z,2007-04-24T02:44:32Z,33.5054,-121.7498
2007-04-28,2007-04-28T13:22:43Z,2007-04-29T02:57:20Z,36.38785,-122.8452
2007-04-30,2007-04-30T13:31:09Z,2007-05-01T03:07:34Z,35.73485,-125.23875
2007-06-06,2007-06-06T12:28:38Z,2007-06-07T04:13:23Z,47.00015,-125.22305
2007-06-07,2007-06-07T12:34:54Z,2007-06-08T04:12:34Z,45.99935,-125.85965
2007-06-07,2007-06-07T12:32:36Z,2007-06-08T04:10:35Z,46.04065,-125.3244
2008-04-14,2008-04-14T13:36:35Z,2008-04-15T02:32:43Z,31.4942,-120.87155
2008-04-22,2008-04-22T13:28:55Z,2008-04-23T02:46:10Z,34.0717,-122.0159
2008-04-23,2008-04-23T13:30:09Z,2008-04-24T02:50:33Z,34.50945,-122.7633
2008-04-25,2008-04-25T13:31:22Z,2008-04-26T02:53:35Z,33.8098,-123.3739
2008-04-26,2008-04-26T13:32:25Z,2008-04-27T02:57:51Z,34.2603,-124.0783
2008-04-27,2008-04-27T13:19:37Z,2008-04-28T02:50:41Z,35.457,-121.61625
2008-07-06,2008-07-06T12:28:34Z,2008-07-07T04:23:16Z,48.24655,-124.9872
2008-07-08,2008-07-08T12:32:36Z,2008-07-09T04:19:55Z,47.70655,-124.9984
2008-07-29,2008-07-29T13:24:52Z,2008-07-30T03:46:57Z,40.3486,-127.06865
2008-08-03,2008-08-03T13:25:21Z,2008-08-04T03:26:24Z,37.85805,-124.62535
2009-04-18,2009-04-18T13:44:38Z,2009-04-19T02:58:07Z,35.927,-125.26565
2009-04-18,2009-04-18T13:43:48Z,2009-04-19T02:56:07Z,35.4603,-124.9102
2009-04-19,2009-04-19T13:32:43Z,2009-04-20T02:49:41Z,36.4562,-122.7753
2009-04-19,2009-04-19T13:32:10Z,2009-04-20T02:49:19Z,36.5263,-122.66055
2009-04-21,2009-04-21T13:37:08Z,2009-04-22T02:52:49Z,34.40405,-123.81735
2009-04-21,2009-04-21T13:35:03Z,2009-04-22T02:51:23Z,34.6489,-123.3773
2009-04-23,2009-04-23T13:31:29Z,2009-04-24T02:49:44Z,33.91955,-122.81715
2009-04-24,2009-04-24T13:34:18Z,2009-04-25T02:51:00Z,32.6817,-123.3702
2009-04-24,2009-04-24T13:33:28Z,2009-04-25T02:50:25Z,32.7688,-123.19305
2009-04-24,2009-04-24T13:32:40Z,2009-04-25T02:49:50Z,32.84755,-123.0194
2010-04-16,2010-04-16T13:39:58Z,2010-04-17T02:54:05Z,38.191,-124.05205
2010-04-18,2010-04-18T13:35:24Z,2010-04-19T02:52:05Z,37.40365,-123.34295
2010-04-19,2010-04-19T13:34:39Z,2010-04-20T02:52:26Z,36.9754,-123.3482
2010-04-20,2010-04-20T13:40:30Z,2010-04-21T02:57:39Z,35.9188,-124.7808
2010-04-27,2010-04-27T13:26:19Z,2010-04-28T03:01:22Z,37.0064,-123.7712
2010-04-27,2010-04-27T13:28:45Z,2010-04-28T03:03:47Z,36.99555,-124.37845
2010-04-18,2010-04-18T13:32:37Z,2010-04-19T02:45:23Z,35.8672,-122.1584
2010-04-19,2010-04-19T13:33:52Z,2010-04-20T02:50:01Z,36.35205,-122.9475
2010-04-20,2010-04-20T13:39:57Z,2010-04-21T02:56:18Z,35.6189,-124.54215
2011-04-19,2011-04-19T13:34:41Z,2011-04-20T02:44:47Z,34.16815,-122.3794
2011-03-29,2011-03-29T14:09:26Z,2011-03-30T02:37:48Z,36.2978,-124.42065
2012-04-12,2012-04-12T13:45:13Z,2012-04-13T02:46:30Z,36.05905,-123.5492
2012-04-25,2012-04-25T13:27:33Z,2012-04-26T02:53:57Z,35.24215,-122.9423
2012-04-25,2012-04-25T13:26:48Z,2012-04-26T02:53:07Z,35.2159,-122.74645
2012-04-13,2012-04-13T13:32:56Z,2012-04-14T02:31:00Z,33.45365,-120.1358
2012-04-19,2012-04-19T13:29:16Z,2012-04-20T02:36:13Z,32.2771,-120.67165
2012-04-19,2012-04-19T13:29:05Z,2012-04-20T02:36:18Z,32.38965,-120.6596
2012-04-29,2012-04-29T13:23:07Z,2012-04-30T02:59:37Z,35.93475,-123.23375
2012-07-05,2012-07-05T12:57:12Z,2012-07-06T03:44:33Z,38.8313,-123.7688
2012-07-06,2012-07-06T12:59:35Z,2012-07-07T03:42:05Z,38.1544,-123.71805
2012-07-11,2012-07-11T13:00:53Z,2012-07-12T03:45:49Z,39.40505,-124.17205
2012-07-20,2012-07-20T13:02:55Z,2012-07-21T03:46:01Z,41.2299,-124.24265
2012-07-20,2012-07-20T13:02:58Z,2012-07-21T03:46:30Z,41.30465,-124.3098
2012-07-21,2012-07-21T13:03:47Z,2012-07-22T03:48:57Z,41.87505,-124.705
2012-07-23,2012-07-23T13:02:42Z,2012-07-24T03:51:15Z,43.05845,-124.83755
2012-07-31,2012-07-31T13:05:36Z,2012-08-01T03:45:40Z,44.5243,-124.5193
2012-08-02,2012-08-02T13:05:00Z,2012-08-03T03:43:33Z,45.1074,-124.2054
2012-08-02,2012-08-02T13:04:26Z,2012-08-03T03:43:45Z,45.24455,-124.15915
2012-08-03,2012-08-03T13:05:03Z,2012-08-04T03:44:03Z,45.63285,-124.29265
2012-08-04,2012-08-04T13:05:06Z,2012-08-05T03:42:49Z,45.8647,-124.16455
2012-08-05,2012-08-05T13:05:55Z,2012-08-06T03:43:29Z,46.31535,-124.3718
2012-08-06,2012-08-06T13:06:19Z,2012-08-07T03:43:51Z,46.7988,-124.4948
2012-08-06,2012-08-06T13:06:09Z,2012-08-07T03:44:45Z,46.99005,-124.5849
2012-08-07,2012-08-07T13:07:08Z,2012-08-08T03:45:32Z,47.45505,-124.83405
2012-08-19,2012-08-19T13:26:50Z,2012-08-20T03:37:57Z,49.4603,-126.8683
2012-08-23,2012-08-23T13:33:15Z,2012-08-24T03:30:06Z,49.3071,-126.93405
2013-04-18,2013-04-18T13:39:27Z,2013-04-19T02:50:38Z,35.0363,-123.68135
2013-04-21,2013-04-21T13:30:39Z,2013-04-22T02:47:11Z,34.7533,-122.29995
2013-04-22,2013-04-22T13:31:20Z,2013-04-23T02:50:15Z,34.8948,-122.81525
2013-04-22,2013-04-22T13:30:34Z,2013-04-23T02:49:41Z,34.9685,-122.64865
2013-04-25,2013-04-25T13:23:58Z,2013-04-26T02:48:00Z,34.6244,-121.73955
2013-04-25,2013-04-25T13:24:20Z,2013-04-26T02:48:41Z,34.73105,-121.87205
2013-04-30,2013-04-30T13:13:47Z,2013-05-01T02:42:46Z,33.24285,-119.97935
2013-05-01,2013-05-01T13:06:46Z,2013-05-02T02:38:37Z,33.5894,-118.61095
2013-05-04,2013-05-04T13:00:29Z,2013-05-05T02:36:05Z,33.1758,-117.5753
2013-04-25,2013-04-25T13:29:35Z,2013-04-26T02:55:57Z,35.40555,-123.43705
2013-04-25,2013-04-25T13:30:43Z,2013-04-26T02:57:25Z,35.51255,-123.7614
2013-04-26,2013-04-26T13:31:51Z,2013-04-27T03:00:10Z,35.3844,-124.28525
2013-04-26,2013-04-26T13:32:11Z,2013-04-27T03:00:54Z,35.51995,-124.4176
2013-04-28,2013-04-28T13:25:27Z,2013-04-29T03:01:13Z,36.4602,-123.6858
2013-04-29,2013-04-29T13:24:03Z,2013-04-30T03:03:02Z,36.8124,-123.76865
2013-06-22,2013-06-22T12:53:45Z,2013-06-23T03:37:54Z,37.33485,-123.12365
2013-06-23,2013-06-23T12:54:11Z,2013-06-24T03:38:57Z,37.45525,-123.2576
2013-06-24,2013-06-24T12:53:21Z,2013-06-25T03:39:00Z,37.62715,-123.10845
2013-06-26,2013-06-26T12:54:29Z,2013-06-27T03:43:37Z,38.27905,-123.72775
2013-06-27,2013-06-27T12:56:03Z,2013-06-28T03:47:54Z,38.77135,-124.4103
2013-07-12,2013-07-12T12:57:39Z,2013-07-13T03:51:33Z,41.0252,-124.4607
2013-07-13,2013-07-13T12:57:58Z,2013-07-14T03:51:20Z,41.1467,-124.44495
2013-07-31,2013-07-31T13:07:26Z,2013-08-01T03:47:18Z,44.38105,-124.9464
2013-07-31,2013-07-31T13:08:04Z,2013-08-01T03:48:02Z,44.4008,-125.11865
2013-08-01,2013-08-01T13:07:45Z,2013-08-02T03:47:02Z,44.69595,-124.9662
2013-08-04,2013-08-04T13:05:30Z,2013-08-05T03:42:22Z,45.5927,-124.15355
2013-08-04,2013-08-04T13:05:12Z,2013-08-05T03:42:01Z,45.58395,-124.07205
2013-08-04,2013-08-04T13:04:48Z,2013-08-05T03:42:27Z,45.7338,-124.0764
2013-08-05,2013-08-05T13:06:08Z,2013-08-06T03:43:15Z,46.1084,-124.36595
2013-08-05,2013-08-05T13:05:38Z,2013-08-06T03:42:42Z,46.10045,-124.23295
2013-08-05,2013-08-05T13:05:23Z,2013-08-06T03:43:18Z,46.2509,-124.2763
2013-08-06,2013-08-06T13:06:39Z,2013-08-07T03:43:15Z,46.49895,-124.4533
2013-08-06,2013-08-06T13:06:27Z,2013-08-07T03:43:42Z,46.61755,-124.48345
2013-08-07,2013-08-07T13:07:25Z,2013-08-08T03:43:35Z,46.92155,-124.6187
2013-08-07,2013-08-07T13:07:16Z,2013-08-08T03:43:24Z,46.91605,-124.57605
2013-08-08,2013-08-08T13:08:24Z,2013-08-09T03:43:37Z,47.2618,-124.77465
2013-08-08,2013-08-08T13:07:44Z,2013-08-09T03:43:20Z,47.3335,-124.6557
2013-08-08,2013-08-08T13:07:33Z,2013-08-09T03:43:40Z,47.4258,-124.67405
2014-04-28,2014-04-28T13:19:22Z,2014-04-29T02:51:47Z,35.60385,-121.73825
2014-05-01,2014-05-01T13:14:20Z,2014-05-02T02:49:54Z,34.83665,-120.961
2014-05-02,2014-05-02T13:15:51Z,2014-05-03T02:53:08Z,34.79225,-121.58005
2014-07-09,2014-07-09T12:38:18Z,2014-07-10T04:09:18Z,45.76805,-124.36885
2014-08-10,2014-08-10T13:13:52Z,2014-08-11T03:34:03Z,45.28785,-124.3199
2014-08-11,2014-08-11T13:17:12Z,2014-08-12T03:32:19Z,44.79025,-124.5541
2015-07-21,2015-07-21T13:02:08Z,2015-07-22T03:51:35Z,42.3659,-124.83725
2015-07-23,2015-07-23T13:01:25Z,2015-07-24T03:51:59Z,43.1525,-124.77575
2015-08-06,2015-08-06T13:13:54Z,2015-08-07T03:39:18Z,44.12785,-124.85285
2016-07-21,2016-07-21T12:50:53Z,2016-07-22T04:00:13Z,45.6855,-124.5004
2017-04-22,2017-04-22T13:30:37Z,2017-04-23T02:57:41Z,37.76865,-123.65295
2017-07-07,2017-07-07T12:37:23Z,2017-07-08T04:11:43Z,45.9075,-124.6215
2017-07-08,2017-07-08T12:40:12Z,2017-07-09T04:10:36Z,45.5614,-124.7971
2017-07-10,2017-07-10T12:43:47Z,2017-07-11T04:06:39Z,44.9075,-124.68135
2017-07-11,2017-07-11T12:46:07Z,2017-07-12T04:05:17Z,44.5875,-124.767
2017-07-23,2017-07-23T13:00:38Z,2017-07-24T03:54:03Z,43.76685,-124.93185
2017-08-02,2017-08-02T13:18:20Z,2017-08-03T03:28:35Z,39.3605,-123.99565
2017-08-03,2017-08-03T13:20:39Z,2017-08-04T03:25:42Z,38.6321,-123.9431
2017-08-04,2017-08-04T13:22:00Z,2017-08-05T03:23:33Z,38.27295,-123.8624
2018-07-23,2018-07-23T12:53:09Z,2018-07-24T03:56:32Z,45.2479,-124.3094
2018-07-27,2018-07-27T13:02:51Z,2018-07-28T03:50:41Z,44.1056,-124.77265
2018-07-29,2018-07-29T13:06:11Z,2018-07-30T03:46:46Z,43.59555,-124.7054
2018-07-30,2018-07-30T13:09:51Z,2018-07-31T03:46:19Z,43.24615,-125.1161
2018-08-01,2018-08-01T13:14:53Z,2018-08-02T03:44:13Z,42.7309,-125.50285
2018-08-01,2018-08-01T13:14:18Z,2018-08-02T03:44:04Z,42.8168,-125.40965
2018-08-01,2018-08-01T13:14:43Z,2018-08-02T03:43:46Z,42.67865,-125.42495
2018-08-02,2018-08-02T13:15:09Z,2018-08-03T03:41:15Z,42.534,-125.17765
2018-08-02,2018-08-02T13:14:49Z,2018-08-03T03:40:44Z,42.49765,-125.07355
2018-08-02,2018-08-02T13:15:19Z,2018-08-03T03:40:54Z,42.4318,-125.15515
2018-08-03,2018-08-03T13:14:36Z,2018-08-04T03:36:34Z,42.153,-124.54075
2018-08-03,2018-08-03T13:14:56Z,2018-08-04T03:35:52Z,41.9424,-124.4957
2018-08-04,2018-08-04T13:19:04Z,2018-08-05T03:36:21Z,41.63825,-125.0914
2018-08-05,2018-08-05T13:19:57Z,2018-08-06T03:33:36Z,41.338,-124.8783
2019-06-29,2019-06-29T12:30:14Z,2019-06-30T04:13:04Z,46.00125,-124.26175
2019-07-08,2019-07-08T12:41:28Z,2019-07-09T04:04:30Z,44.5022,-124.20975
2019-07-08,2019-07-08T12:41:50Z,2019-07-09T04:04:36Z,44.4676,-124.26865
2019-07-14,2019-07-14T12:55:23Z,2019-07-15T03:56:46Z,42.5007,-124.788
2019-07-21,2019-07-21T13:07:17Z,2019-07-22T03:46:52Z,40.66685,-124.89295
2021-07-20,2021-07-20T12:56:55Z,2021-07-21T03:54:18Z,43.49235,-124.5334
2021-07-22,2021-07-22T12:56:27Z,2021-07-23T03:54:23Z,44.16385,-124.46005
2023-07-20,2023-07-20T13:00:37Z,2023-07-21T03:01:21Z,32.6696,-118.38585
2023-07-20,2023-07-20T13:01:16Z,2023-07-21T03:02:23Z,32.7525,-118.5947
2003-07-10,2003-07-10T12:47:45Z,2003-07-11T04:04:31Z,44.00315,-124.92105
2003-07-12,2003-07-12T12:39:50Z,2003-07-13T04:08:34Z,46.0002,-124.37245
2003-07-15,2003-07-15T12:36:59Z,2003-07-16T04:16:30Z,48.0002,-124.92495
2003-07-20,2003-07-20T12:54:39Z,2003-07-21T03:55:50Z,43.99355,-124.4477
2003-07-23,2003-07-23T12:49:48Z,2003-07-24T04:00:16Z,46.2695,-124.3592
2004-04-24,2004-04-24T13:30:07Z,2004-04-25T02:58:58Z,36.6589,-123.85345
2004-04-25,2004-04-25T13:26:44Z,2004-04-26T02:54:24Z,35.605,-122.9
2004-04-28,2004-04-28T13:27:48Z,2004-04-29T03:06:17Z,37.06315,-124.62275
2008-04-26,2008-04-26T13:30:21Z,2008-04-27T03:11:08Z,39.00805,-125.4784
2011-04-09,2011-04-09T13:48:25Z,2011-04-10T02:38:51Z,34.55615,-122.7424
2011-04-10,2011-04-10T13:47:57Z,2011-04-11T02:38:49Z,33.5992,-122.7507
2011-04-15,2011-04-15T13:41:51Z,2011-04-16T02:46:14Z,35.2365,-123.2331
2011-04-19,2011-04-19T13:33:47Z,2011-04-20T02:44:21Z,34.3564,-122.2137
2012-04-09,2012-04-09T13:53:52Z,2012-04-10T02:49:39Z,36.66505,-124.82485
2012-04-15,2012-04-15T13:31:06Z,2012-04-16T02:32:16Z,33.05855,-120.18635
2012-08-05,2012-08-05T13:05:26Z,2012-08-06T03:43:30Z,46.40425,-124.315
2012-08-08,2012-08-08T13:07:32Z,2012-08-09T03:44:02Z,47.6329,-124.72555
2013-04-30,2013-04-30T13:14:04Z,2013-05-01T02:42:21Z,33.0227,-119.9632
2014-04-26,2014-04-26T13:23:19Z,2014-04-27T02:53:20Z,36.10625,-122.3535
2014-04-26,2014-04-26T13:22:05Z,2014-04-27T02:51:41Z,35.9756,-121.9946
2014-04-28,2014-04-28T13:19:03Z,2014-04-29T02:52:32Z,35.9351,-121.78995
2014-05-01,2014-05-01T13:14:21Z,2014-05-02T02:50:29Z,34.998,-121.03525
2014-06-30,2014-06-30T12:28:39Z,2014-07-01T04:38:14Z,49.1114,-127.14815
2014-07-01,2014-07-01T12:29:20Z,2014-07-02T04:34:16Z,48.70755,-126.6917
2014-08-09,2014-08-09T13:11:35Z,2014-08-10T03:38:26Z,46.07845,-124.5465
2014-08-10,2014-08-10T13:13:26Z,2014-08-11T03:35:11Z,45.61065,-124.4068
2015-04-08,2015-04-08T13:55:26Z,2015-04-09T02:56:59Z,42.0096,-125.8174
2015-04-10,2015-04-10T13:51:49Z,2015-04-11T02:57:26Z,41.3397,-125.55745
2015-04-11,2015-04-11T13:51:41Z,2015-04-12T02:59:15Z,41.0089,-125.83475
2015-07-24,2015-07-24T13:00:36Z,2015-07-25T03:51:13Z,43.47285,-124.56905
2016-03-28,2016-03-28T14:08:04Z,2016-03-29T02:42:49Z,43.95035,-124.8551
2016-03-29,2016-03-29T14:04:42Z,2016-03-30T02:42:55Z,44.3165,-124.52305
2017-07-27,2017-07-27T13:09:27Z,2017-07-28T03:47:04Z,42.42135,-125.14535
2018-07-16,2018-07-16T12:43:29Z,2018-07-17T04:03:40Z,45.7487,-124.10525
2018-07-23,2018-07-23T12:53:29Z,2018-07-24T03:55:51Z,45.09165,-124.26515
2018-07-27,2018-07-27T13:03:15Z,2018-07-28T03:50:50Z,44.06235,-124.84275
2018-07-28,2018-07-28T13:03:02Z,2018-07-29T03:47:36Z,43.914,-124.4134
2018-07-29,2018-07-29T13:06:48Z,2018-07-30T03:47:20Z,43.5894,-124.85525
2018-08-03,2018-08-03T13:14:55Z,2018-08-04T03:36:15Z,42.02375,-124.54125
2018-08-06,2018-08-06T13:28:11Z,2018-08-07T03:39:07Z,41.2255,-126.6195
2019-07-09,2019-07-09T12:44:49Z,2019-07-10T04:05:27Z,44.338,-124.71015
2019-07-09,2019-07-09T12:44:23Z,2019-07-10T04:04:32Z,44.27265,-124.54325
2019-07-10,2019-07-10T12:46:38Z,2019-07-11T04:03:24Z,43.97525,-124.64715
2019-07-12,2019-07-12T12:49:41Z,2019-07-13T04:00:45Z,43.53575,-124.63195
2019-07-12,2019-07-12T12:49:15Z,2019-07-13T04:00:07Z,43.50495,-124.4975
2019-07-12,2019-07-12T12:48:54Z,2019-07-13T04:00:20Z,43.589,-124.48175
2019-07-13,2019-07-13T12:51:48Z,2019-07-14T03:58:59Z,43.16515,-124.645
2019-07-13,2019-07-13T12:52:43Z,2019-07-14T03:58:42Z,42.98795,-124.7236
2019-07-16,2019-07-16T12:59:00Z,2019-07-17T03:53:53Z,41.9325,-124.8277
2021-07-21,2021-07-21T12:58:23Z,2021-07-22T03:56:04Z,43.82625,-124.9246
2003-07-09,2003-07-09T12:50:37Z,2003-07-10T04:01:36Z,43.00345,-124.94905
2004-04-28,2004-04-28T13:26:47Z,2004-04-29T03:05:46Z,37.20895,-124.4308
2015-04-18,2015-04-18T13:37:13Z,2015-04-19T02:59:41Z,39.8145,-124.5044
2015-07-23,2015-07-23T13:00:49Z,2015-07-24T03:51:54Z,43.23465,-124.69035
2015-07-26,2015-07-26T13:00:58Z,2015-07-27T03:52:23Z,44.27325,-124.75195
2016-07-19,2016-07-19T12:47:54Z,2016-07-20T04:06:47Z,46.47265,-124.97655
2018-07-05,2018-07-05T12:30:14Z,2018-07-06T04:28:42Z,48.44775,-125.9389
2019-07-01,2019-07-01T12:34:40Z,2019-07-02T04:09:26Z,45.16625,-124.2687
2019-07-10,2019-07-10T12:47:43Z,2019-07-11T04:04:32Z,43.981,-124.9256
2019-07-22,2019-07-22T13:09:46Z,2019-07-23T03:44:25Z,40.07315,-124.88485
2019-07-22,2019-07-22T13:09:13Z,2019-07-23T03:43:55Z,40.0849,-124.75225
2019-07-24,2019-07-24T13:09:51Z,2019-07-25T03:38:29Z,39.56965,-124.1335
2024-09-22,2024-09-22T14:11:51Z,2024-09-23T02:22:15Z,48.38825,-125.80435
2003-07-21,2003-07-21T12:55:38Z,2003-07-22T03:54:58Z,43.9907,-124.44835
2004-04-23,2004-04-23T13:26:12Z,2004-04-24T02:52:57Z,36.66615,-122.5725
2005-04-07,2005-04-07T13:46:52Z,2005-04-08T02:34:47Z,34.89505,-121.9422
2015-07-25,2015-07-25T13:00:14Z,2015-07-26T03:51:15Z,43.86575,-124.5215
2017-08-01,2017-08-01T13:18:43Z,2017-08-02T03:33:07Z,39.832,-124.59805
2018-08-22,2018-08-22T13:43:54Z,2018-08-23T03:03:49Z,36.82095,-124.8795
2021-07-18,2021-07-18T12:46:50Z,2021-07-19T04:01:22Z,45.51495,-124.1895
2021-07-18,2021-07-18T12:47:35Z,2021-07-19T04:01:52Z,45.47925,-124.346
2021-08-02,2021-08-02T13:17:58Z,2021-08-03T03:37:42Z,41.35515,-125.08935
2021-08-03,2021-08-03T13:17:30Z,2021-08-04T03:33:27Z,41.00765,-124.5165
2023-10-30,2023-10-30T14:59:31Z,2023-10-31T01:07:43Z,47.0803,-124.6835
2023-11-01,2023-11-01T15:08:30Z,2023-11-02T01:05:55Z,48.1259,-125.5963
,,,42.3449,-124.5948
,,,43.4602,-124.54065
,,,46.68345,-124.471
,,,43.6489,-124.58465
,,,37.1118,-122.75905
,,,47.8158,-124.68655
,,,45.9561,-124.36865
,,,32.81945,-117.56875
,,,33.7883,-121.82745
,,,46.9985,-124.34635
,,,46.03905,-125.1117
,,,42.9981,-125.1583
,,,33.0538,-117.75615
,,,32.71645,-118.36565
,,,33.5836,-119.83045
,,,33.99245,-122.1512
,,,34.6229,-122.5078
,,,33.7013,-123.65805
,,,48.4102,-125.8917
,,,46.7417,-124.4372
,,,45.67155,-125.9221
,,,44.38255,-124.22555
,,,43.98095,-124.28415
,,,41.67505,-124.36365
,,,47.6219,-124.6734
,,,46.3018,-125.3782
,,,44.98115,-125.1167
,,,42.25745,-124.5588
,,,33.5498,-118.46655
,,,47.299,-126.2681
,,,46.004,-125.97615
,,,45.84145,-126.32705
,,,44.9478,-124.194
,,,40.368,-124.50545
,,,38.723,-123.5987
,,,38.239,-124.28535
,,,37.8624,-124.73695
,,,32.49655,-119.03295
,,,32.6164,-118.72055
,,,33.36965,-118.7758
,,,33.8983,-119.30905
,,,37.56775,-122.81505
,,,34.27965,-119.7342
,,,36.10905,-121.86655
,,,34.31955,-124.06695
,,,34.50855,-123.1378
,,,33.40375,-124.20565
,,,33.4583,-121.7607
,,,34.2463,-119.77335
,,,33.48865,-120.08295
,,,33.4841,-119.77605
,,,33.33095,-119.79415
,,,33.56695,-118.04755
,,,33.45285,-117.84115
,,,32.46975,-118.98755
,,,32.2678,-118.79815
,,,46.75655,-124.54365
,,,46.0285,-124.20165
,,,35.3063,-123.68095
,,,32.17725,-118.92945
,,,31.9848,-119.20305
,,,32.4533,-120.0024
,,,32.97125,-120.4258
,,,32.87885,-120.67795
,,,32.7661,-120.87455
,,,33.7559,-120.4287
,,,33.79465,-120.3523
,,,38.0782,-125.90515
,,,37.0972,-123.14125
,,,36.73245,-122.23305
,,,36.163,-123.79
,,,33.78635,-121.72525
,,,33.4478,-123.2534
,,,34.6852,-124.0274
,,,34.79675,-123.8618
,,,33.53755,-119.93905
,,,33.6573,-120.1595
,,,33.1555,-120.35005
,,,33.6648,-119.04345
,,,33.7132,-118.8363
,,,33.82515,-119.0076
,,,33.7977,-119.20445
,,,33.24745,-119.15455
,,,32.6438,-120.22815
,,,32.6291,-120.92165
,,,31.70745,-122.68715
,,,31.8188,-123.93785
,,,32.02095,-123.8146
,,,32.8277,-122.41135
,,,33.0404,-121.96165
,,,34.1166,-121.90905
,,,33.9259,-122.03875
,,,34.08165,-122.1658
,,,34.69645,-122.4393
,,,35.0833,-124.9972
,,,35.03305,-124.71805
,,,35.91665,-121.7408
,,,36.2786,-122.62265
,,,36.3855,-122.46195
,,,37.18005,-122.92105
,,,37.76405,-123.2968
,,,37.7665,-123.38355
,,,38.18795,-123.2742
,,,38.1514,-123.37855
,,,38.5236,-123.46915
,,,39.6517,-124.00045
,,,39.811,-124.1983
,,,40.06855,-124.2239
,,,41.78815,-124.72505
,,,41.79605,-124.76875
,,,42.49515,-125.07815
,,,43.08605,-124.5523
,,,44.1682,-124.6611
,,,44.4529,-124.57955
,,,44.9648,-124.38115
,,,45.63045,-124.06985
,,,45.75205,-124.25055
,,,45.95445,-124.1083
,,,46.29605,-124.6677
,,,47.45555,-124.6479
,,,47.6296,-124.7853
,,,47.77595,-125.11765
,,,47.9732,-125.08705
,,,48.3449,-125.25505
,,,48.5764,-125.17825
,,,48.6159,-125.1279
,,,48.59455,-126.22305
,,,48.751,-125.37045
,,,48.97005,-126.17655
,,,49.03725,-126.2953
,,,49.42555,-127.1586
,,,49.96575,-127.9338
,,,49.96655,-127.7272
,,,50.4299,-128.25375
,,,50.3116,-128.1168
,,,50.30105,-128.3757
,,,50.50415,-128.44105
,,,50.6354,-128.4427
,,,49.36355,-126.7742
,,,49.29455,-126.66175
,,,32.5513,-117.5521
,,,32.56345,-117.75985
,,,32.637,-117.5378
,,,31.5547,-119.44525
,,,31.74015,-119.4347
,,,31.6454,-119.1919
,,,31.4472,-120.41805
,,,31.44905,-120.6158
,,,31.3414,-120.57925
,,,32.7033,-118.65065
,,,32.5794,-118.65435
,,,32.6393,-118.3368
,,,31.7194,-120.46055
,,,32.2871,-120.7965
,,,32.39195,-120.868
,,,33.3946,-118.80175
,,,33.2266,-118.74575
,,,33.28815,-118.92215
,,,33.4705,-120.0831
,,,33.4933,-119.87705
,,,33.57505,-119.99385
,,,34.2897,-120.02955
,,,34.26195,-119.7976
,,,34.59905,-120.7788
,,,34.56945,-120.971
,,,34.694,-120.87015
,,,33.98855,-122.90185
,,,35.3823,-121.2245
,,,35.4484,-121.43525
,,,35.5091,-121.6136
,,,34.99825,-122.71695
,,,34.8834,-122.92615
,,,35.41265,-123.3897
,,,35.9757,-122.0382
,,,36.0202,-122.1863
,,,36.0906,-122.0095
,,,36.5871,-122.4767
,,,36.5934,-122.67905
,,,35.85385,-123.9916
,,,35.9221,-124.1184
,,,35.9948,-123.94845
,,,37.5124,-123.77085
,,,37.46305,-123.94175
,,,37.56395,-123.9879
,,,36.95995,-124.9919
,,,34.3108,-120.1106
,,,33.6742,-120.9033
,,,33.883,-119.2155
,,,33.8393,-119.44615
,,,32.6281,-120.07295
,,,32.70415,-119.91255
,,,32.8542,-120.03165
,,,32.36895,-119.24695
,,,33.81505,-118.52245
,,,33.88575,-118.65665
,,,34.3582,-119.9963
,,,34.3234,-120.14385
,,,35.0449,-120.9088
,,,35.1088,-120.8158
,,,35.1783,-120.9592
,,,35.424,-121.77025
,,,35.35505,-121.7832
,,,35.6289,-121.80565
,,,35.73845,-122.0952
,,,37.11315,-122.7928
,,,37.27805,-122.5939
,,,37.28705,-122.75985
,,,37.46805,-122.8442
,,,37.9077,-123.61185
,,,37.8118,-123.4538
,,,39.27005,-123.8523
,,,39.6148,-123.8885
,,,39.64955,-124.0413
,,,40.2617,-124.55705
,,,40.93605,-124.45145
,,,42.0381,-124.48335
,,,42.94105,-124.82145
,,,43.43635,-124.4129
,,,43.76755,-124.3188
,,,43.9433,-124.30265
,,,44.00635,-124.2722
,,,44.0954,-124.27705
,,,44.84965,-124.97345
,,,45.0988,-124.50665
,,,46.4283,-124.3648
,,,47.59255,-124.7892
,,,47.59465,-124.7285
,,,47.71145,-124.80645
,,,48.2643,-124.9007
,,,48.2706,-125.3602
,,,48.42185,-126.04695
,,,48.47605,-126.08285
,,,48.5924,-125.37335
,,,48.5903,-125.50155
,,,48.75855,-126.08215
,,,48.75185,-126.1684
,,,49.07705,-126.65905
,,,49.0992,-126.3323
,,,49.2763,-126.8227
,,,49.2601,-127.00735
,,,49.60065,-127.0182
,,,50.1069,-127.9869
,,,50.0702,-127.9916
,,,50.27965,-128.08505
,,,50.26055,-128.0663
,,,50.59495,-128.7437
,,,50.6018,-128.47795
,,,50.58145,-128.39505
,,,51.1018,-128.95245
,,,51.09655,-128.15975
,,,51.10115,-128.0866
,,,51.09045,-127.8963
,,,32.5791,-118.08405
,,,32.52375,-118.23785
,,,32.63715,-118.1747
,,,33.843,-118.625
,,,33.7129,-118.45125
,,,33.35775,-117.83965
,,,33.32995,-118.1415
,,,34.1826,-119.5344
,,,34.4269,-120.11475
,,,34.2669,-119.437
,,,34.37375,-119.62465
,,,34.4479,-120.06265
,,,37.73125,-123.43635
,,,37.6366,-123.35485
,,,37.03415,-122.89935
,,,36.99475,-122.83775
,,,36.2227,-124.185
,,,36.70925,-122.09385
,,,35.2298,-123.84995
,,,34.95165,-122.349
,,,34.75265,-122.39425
,,,34.72955,-122.17135
,,,34.84515,-121.3779
,,,33.80865,-122.82175
,,,34.29425,-121.025
,,,33.4886,-122.60155
,,,50.74185,-129.0458
,,,49.6835,-127.5441
,,,49.66915,-127.14565
,,,49.5619,-127.1603
,,,49.43275,-126.90315
,,,48.81135,-126.5971
,,,48.4279,-125.68525
,,,48.52685,-126.4814
,,,47.0043,-124.48805
,,,46.42175,-124.7774
,,,46.34435,-124.6203
,,,46.62565,-125.00085
,,,46.59625,-124.64985
,,,45.71825,-124.56585
,,,45.2358,-124.22
,,,44.7948,-124.6095
,,,48.2961,-125.7801
,,,48.36265,-125.9841
,,,46.61585,-124.53925
,,,46.17865,-124.63195
,,,46.11415,-124.7857
,,,45.48095,-124.54425
,,,44.5655,-124.48115
,,,44.0769,-124.65915
,,,43.76695,-124.6326
,,,43.0609,-124.678
,,,42.8834,-124.76995
,,,42.4629,-124.6635
,,,42.0991,-124.7639
,,,41.10195,-124.36265
,,,40.74315,-124.3789
,,,39.98905,-124.15025
,,,39.86365,-124.1229
,,,39.77465,-124.41625
,,,39.4344,-123.9594
,,,39.10975,-123.93345
,,,38.35505,-123.1334
,,,38.1907,-123.05385
,,,38.09725,-123.2301
,,,37.43325,-122.6
,,,37.18805,-122.54825
,,,36.2865,-122.02185
,,,36.47645,-122.0306
,,,36.4751,-122.30355
,,,36.09235,-121.8261
,,,36.10295,-122.05715
,,,35.281,-121.0174
,,,35.08625,-121.0143
,,,43.9035,-124.80075
,,,44.25465,-124.36765
,,,43.80865,-124.43035
,,,43.7528,-125.41715
,,,43.7362,-125.6919
,,,43.20625,-125.528
,,,42.826,-126.2936
,,,42.01565,-125.63555
,,,41.4902,-124.4955
,,,41.4033,-124.2791
,,,41.08695,-125.40085
,,,40.09085,-126.13475
,,,39.0451,-125.67775
,,,38.80325,-124.00115
,,,38.6293,-123.77175
,,,35.43135,-121.1362
,,,35.93625,-121.6766
,,,36.0419,-121.88925
,,,36.22925,-121.9948
,,,36.97195,-122.5064
,,,36.87135,-122.37665
,,,36.85475,-122.229
,,,37.2198,-122.62125
,,,32.8521,-117.5695
,,,32.89855,-117.48175
,,,33.276,-117.57565
,,,33.243,-117.58685
,,,33.57985,-118.4265
,,,33.55005,-118.4275
,,,33.54665,-118.46475
,,,33.60315,-119.32185
,,,33.64755,-119.4655
,,,33.7152,-119.54015
,,,34.22735,-120.28695
,,,34.65775,-120.75985
,,,34.6631,-120.86865
,,,34.75035,-120.76125
,,,35.03425,-121.0549
,,,35.37575,-121.07365
,,,35.2852,-121.0688
,,,35.9605,-121.926
,,,36.01035,-122.0225
,,,36.26045,-122.38765
,,,36.3981,-122.32555
,,,36.7249,-122.5188
,,,36.7755,-122.401
,,,36.653,-122.39865
,,,36.9612,-122.34565
,,,37.028,-122.3338
,,,36.9144,-122.3155
,,,37.45515,-122.83585
,,,37.5482,-122.79915
,,,37.4058,-122.7898
,,,36.939,-122.4366
,,,37.4605,-122.8971
,,,37.47875,-122.94525
,,,37.83205,-123.25775
,,,38.49115,-123.6476
,,,38.81265,-123.7939
,,,38.9185,-123.9075
,,,39.5601,-124.0418
,,,40.56985,-124.66775
,,,40.64735,-124.67085
,,,41.58225,-124.38125
,,,41.475,-124.49385
,,,41.3905,-124.3469
,,,41.83175,-124.54535
,,,41.9645,-124.501
,,,42.3588,-124.8285
,,,42.49075,-124.85375
,,,42.447,-124.9255
,,,43.1339,-124.6094
,,,43.5165,-124.54095
,,,43.43605,-124.531
,,,43.8135,-124.86315
,,,43.7694,-124.49575
,,,44.3687,-124.80985
,,,44.11435,-124.7013
,,,44.4557,-124.7257
,,,44.4484,-124.88075
,,,44.56435,-124.8935
,,,44.74045,-125.086
,,,44.79735,-124.46305
,,,45.12835,-125.1624
,,,45.2594,-125.09505
,,,45.6073,-124.30435
,,,45.93665,-124.7889
,,,45.88075,-124.5546
,,,45.9965,-124.5959
,,,46.121,-124.29915
,,,46.35095,-124.3153
,,,46.75525,-124.5492
,,,46.82995,-124.4605
,,,47.10385,-124.762
,,,47.1437,-125.024
,,,47.10665,-125.18735
,,,47.545,-125.7569
,,,47.58975,-125.0149
,,,47.7574,-124.97415
,,,47.8724,-124.84135
,,,47.9693,-125.903
,,,48.10625,-126.18975
,,,48.09015,-124.9446
,,,48.0501,-125.28935
,,,48.3848,-124.8861
,,,48.3068,-124.9469
,,,48.56,-126.19635
,,,48.4986,-126.1677
,,,48.4731,-126.34845
,,,48.838,-126.1555
,,,49.08165,-126.6205
,,,49.5768,-127.5181
,,,49.6524,-127.70775
,,,50.068,-128.13585
,,,50.09385,-128.01215
,,,50.15575,-128.13035
,,,51.40675,-128.995
,,,51.402,-128.86565
,,,52.56735,-129.63035
,,,53.01365,-130.30895
,,,52.955,-130.23765
,,,52.88325,-130.2827
,,,54.245,-132.75425
,,,54.29885,-132.6906
,,,44.4641,-124.5465
,,,44.50095,-124.47315
,,,44.6187,-124.46
,,,41.7256,-125.94825
,,,40.6783,-125.10775
,,,37.97495,-124.2429
,,,50.6811,-129.1892
,,,49.7532,-127.81485
,,,49.6845,-127.94005
,,,49.7956,-128.00055
,,,49.44305,-126.8009
,,,49.043,-126.16635
,,,48.9744,-126.10775
,,,49.24575,-126.5916
,,,49.23755,-126.4862
,,,48.62155,-125.93035
,,,48.6005,-124.94195
,,,48.26665,-124.93175
,,,47.7506,-124.8262
,,,47.7722,-124.765
,,,47.85375,-124.81315
,,,47.9296,-125.62285
,,,47.5955,-124.83745
,,,47.60025,-124.69745
,,,47.345,-124.67195
,,,46.46295,-124.7863
,,,46.37175,-124.83185
,,,45.774,-124.63125
,,,45.26675,-125.1894
,,,45.04645,-124.7987
,,,45.0923,-124.6234
,,,44.7449,-124.2786
,,,44.76755,-124.13115
,,,44.75765,-124.2205
,,,44.10215,-124.62515
,,,44.0809,-124.8107
,,,44.09985,-124.8092
,,,43.753,-124.34235
,,,43.73535,-124.5443
,,,42.95085,-124.56675
,,,42.95315,-124.60765
,,,42.8356,-124.72335
,,,42.08425,-125.1896
,,,42.0351,-125.09085
,,,41.4882,-124.2395
,,,40.7806,-124.42525
,,,40.7006,-124.45675
,,,40.0093,-124.12295
,,,38.8564,-124.37185
,,,37.9446,-123.18775
,,,37.8451,-123.38275
,,,37.4266,-122.75145
,,,36.94415,-122.21335
,,,36.7484,-122.4364
,,,36.58375,-122.6534
,,,36.6338,-122.4316
,,,36.08765,-122.17965
,,,36.01,-121.67175
,,,35.7156,-121.84745
,,,35.09555,-121.30735
,,,34.32865,-119.951
,,,34.3248,-120.1859
,,,34.3523,-120.3766
,,,34.12715,-120.076
,,,34.1729,-120.1515
,,,34.1276,-120.32075
,,,33.9291,-119.84735
,,,33.93735,-119.67075
,,,33.9512,-119.519
,,,33.96825,-119.3121
,,,33.9159,-119.45575
,,,33.9637,-119.16865
,,,33.5759,-119.6426
,,,33.75415,-118.8409
,,,33.93515,-118.66785
,,,33.40075,-119.2536
,,,33.39105,-119.3857
,,,33.31665,-119.10725
,,,33.421,-118.70535
,,,33.27145,-118.8668
,,,33.27635,-118.5646
,,,33.4294,-117.8254
,,,33.396,-117.97385
,,,33.27125,-117.76845
,,,33.0095,-117.77585
,,,32.7885,-117.80385
,,,32.9577,-117.70535
,,,32.6885,-117.76225
,,,32.6852,-117.6618
,,,32.6389,-117.74295
,,,33.0015,-117.41515
,,,32.93175,-117.34965
,,,33.1962,-117.52375
,,,33.2054,-117.69685
,,,33.1041,-117.65665
,,,33.014,-118.69115
,,,33.0915,-118.7165
,,,33.14,-118.6164
,,,33.4185,-118.0225
,,,33.44885,-117.86
,,,33.513,-118.054
,,,33.189,-118.77405
,,,33.0911,-118.94485
,,,32.986,-118.88015
,,,33.65185,-118.68075
,,,33.5324,-118.73615
,,,33.59385,-118.56845
,,,33.1289,-119.6345
,,,33.37905,-119.93595
,,,33.47335,-119.81245
,,,33.5586,-119.67925
,,,33.93285,-118.8615
,,,33.9113,-118.75115
,,,33.51535,-120.2936
,,,34.167,-119.60125
,,,34.2578,-119.736
,,,34.34095,-119.76625
,,,34.2495,-120.83105
,,,34.1532,-121.8665
,,,34.97405,-121.1671
,,,35.0688,-120.9497
,,,35.5243,-121.4051
,,,35.52635,-121.215
,,,35.173,-122.4875
,,,35.9724,-121.7602
,,,36.0338,-122.37525
,,,35.98635,-122.5105
,,,36.512,-123.22525
,,,36.7991,-122.0035
,,,36.85125,-122.18995
,,,36.8885,-122.2498
,,,37.43465,-122.8869
,,,37.6701,-123.17355
,,,49.60045,-126.96145
,,,49.3883,-126.7606
,,,48.6359,-124.98735
,,,48.71525,-125.3524
,,,48.2885,-125.1066
,,,48.17975,-125.15415
,,,48.1189,-125.4101
,,,47.4044,-124.92275
,,,47.24955,-124.9594
,,,47.67025,-124.6704
,,,47.5884,-124.6475
,,,47.49325,-124.591
,,,47.4211,-124.68925
,,,47.2662,-124.53925
,,,47.07875,-124.5245
,,,46.97975,-124.4961
,,,46.5767,-124.79425
,,,46.68915,-124.7626
,,,46.06645,-124.51205
,,,46.0725,-124.33225
,,,45.9248,-124.48115
,,,45.2478,-124.7725
,,,44.55085,-124.8574
,,,44.03555,-124.8004
,,,44.086,-124.63175
,,,43.6715,-125.00425
,,,43.5953,-124.98005
,,,43.23515,-124.591
,,,43.0778,-124.7274
,,,42.7665,-125.65825
,,,42.62115,-125.82045
,,,42.41665,-125.0981
,,,42.41265,-124.94955
,,,41.43355,-124.3395
,,,40.22995,-124.596
,,,40.21175,-124.55545
,,,40.1024,-124.8357
,,,38.13175,-124.13625
,,,38.09025,-123.3773
,,,37.87465,-122.8396
,,,37.93965,-122.8865
,,,37.7209,-123.17015
,,,37.14625,-122.76535
,,,36.881,-122.7827
,,,36.98285,-122.4496
,,,36.93845,-122.29835
,,,36.47355,-122.5366
,,,36.2975,-122.46435
,,,36.2704,-122.382
,,,35.85465,-121.5236
,,,35.774,-121.7476
,,,35.74425,-121.84555
,,,50.6292,-128.52665
,,,50.304,-128.2765
,,,50.3623,-128.2005
,,,49.6438,-127.0699
,,,49.66695,-127.05525
,,,48.88225,-126.0242
,,,48.91,-125.9901
,,,48.9394,-125.97215
,,,48.50795,-125.839
,,,48.47715,-125.88065
,,,48.51945,-125.1621
,,,48.5618,-125.15155
,,,48.2543,-125.6
,,,48.24585,-125.5565
,,,47.258,-125.52085
,,,46.90675,-125.1505
,,,46.74525,-124.72385
,,,46.74305,-124.76535
,,,46.7432,-124.8303
,,,46.252,-124.3457
,,,46.27685,-124.24175
,,,46.14655,-124.1439
,,,46.13685,-124.1805
,,,45.2706,-124.14745
,,,45.5299,-124.1249
,,,45.2601,-124.2129
,,,45.2561,-125.0361
,,,45.189,-125.0796
,,,44.5381,-124.2345
,,,44.64425,-124.26535
,,,44.74885,-124.3473
,,,44.082,-124.64725
,,,43.19865,-125.1719
,,,43.0762,-126.63935
,,,41.6413,-124.8894
,,,41.28665,-124.97135
,,,40.999,-124.2975
,,,40.38075,-124.7099
,,,40.44375,-124.5846
,,,40.3844,-124.6435
,,,39.9114,-124.42565
,,,39.8691,-124.43745
,,,39.1054,-126.2957
,,,39.31465,-124.05085
,,,37.8643,-123.49315
,,,37.7309,-123.48425
,,,37.404,-123.23435
,,,37.335,-123.3212
,,,37.5957,-122.79475
,,,37.5485,-122.86435
,,,37.29275,-122.66475
,,,37.3485,-122.55805
,,,37.2025,-122.61755
,,,36.6445,-122.81315
,,,36.8134,-122.85375
,,,36.64325,-122.43715
,,,36.5591,-122.5766
,,,36.62265,-122.0376
,,,36.6961,-121.95525
,,,36.2284,-122.86625
,,,35.9064,-121.98825
,,,35.50195,-121.95685
,,,35.46545,-122.03745
,,,35.3092,-121.09205
,,,35.34305,-121.0281
,,,35.05175,-120.8457
,,,34.8114,-120.77255
,,,34.38635,-119.9487
,,,34.3515,-119.8131
,,,33.74135,-120.062
,,,33.9637,-119.59275
,,,33.3604,-119.37495
,,,33.4356,-118.22525
,,,33.114,-118.9376
,,,33.1899,-118.4786
,,,33.05315,-118.235
,,,33.0241,-117.9151
,,,32.8513,-118.10225
,,,32.9784,-117.6913
,,,32.7075,-118.14685
,,,32.6757,-117.8585
,,,32.46745,-118.11415
,,,32.79065,-117.59035
,,,32.70735,-117.4095
,,,50.132,-128.03315
,,,50.01535,-127.875
,,,49.265,-127.18135
,,,49.37085,-127.05515
,,,49.42175,-126.97115
,,,48.92425,-125.6665
,,,48.8753,-125.73725
,,,48.81175,-125.8845
,,,48.49335,-125.81235
,,,48.56675,-125.9128
,,,48.59325,-126.08685
,,,48.3259,-125.38065
,,,48.3325,-125.13785
,,,47.99665,-125.0986
,,,47.5946,-125.05015
,,,47.63775,-125.09325
,,,47.64835,-124.97835
,,,47.3295,-124.7061
,,,47.241,-124.48645
,,,46.99045,-124.4046
,,,46.9901,-124.53655
,,,46.911,-124.3628
,,,46.6625,-124.6185
,,,46.65885,-124.43595
,,,46.59925,-124.51365
,,,46.33175,-124.39595
,,,46.3375,-124.5721
,,,46.3325,-124.86135
,,,45.9986,-124.6024
,,,42.46845,-124.7189
,,,42.3915,-124.65365
,,,42.1699,-126.2916
,,,41.6687,-124.506
,,,41.66035,-124.693
,,,40.8374,-124.41
,,,40.7668,-124.47565
,,,39.62735,-124.056
,,,38.559,-123.64055
,,,38.53965,-123.48405
,,,38.4065,-123.42245
,,,38.0353,-124.54875
,,,38.13875,-123.21315
,,,38.476,-123.98005
,,,37.61945,-122.86695
,,,37.5254,-122.99435
,,,37.4934,-123.2045
,,,37.1511,-122.634
,,,36.3334,-122.2364
,,,34.608,-122.5244
,,,35.3342,-121.454
,,,35.2167,-121.2569
,,,35.127,-121.01575
,,,34.56485,-120.81825
,,,34.41765,-120.84575
,,,34.56,-120.6971
,,,34.95765,-120.9874
,,,34.8095,-120.89115
,,,34.97785,-120.8391
,,,34.21535,-120.89815
,,,34.34525,-121.04825
,,,34.00685,-120.9685
,,,34.3526,-119.82535
,,,34.2075,-120.1507
,,,33.71125,-120.7128
,,,33.82275,-120.51715
,,,33.911,-120.73165
,,,34.15055,-119.3743
,,,34.0644,-119.15185
,,,33.59265,-119.9435
,,,33.3081,-118.7064
,,,33.4144,-118.6122
,,,32.74225,-119.092
,,,32.5055,-118.77215
,,,32.99445,-117.78105
,,,32.9071,-117.5609
,,,32.2505,-118.1414
,,,32.15515,-118.295
,,,32.3265,-118.37125
,,,32.8894,-117.36825
,,,33.1159,-117.4144
,,,33.0961,-117.69775
,,,33.10825,-117.93275
,,,33.205,-118.5395
,,,33.25065,-118.13745
,,,33.4811,-117.8324
,,,33.38915,-117.6774
,,,32.60875,-118.08845
,,,32.7925,-117.9345
,,,32.7276,-117.8895
,,,32.39975,-118.92125
,,,32.4754,-118.9076
,,,32.6171,-119.168
,,,32.7986,-119.6341
,,,33.1025,-120.00015
,,,33.28165,-120.0413
,,,33.1937,-120.2475
,,,33.29195,-120.6169
,,,33.4827,-120.4835
,,,33.51225,-120.71925
,,,34.20395,-119.4987
,,,34.14465,-119.4246
,,,34.0826,-119.24605
,,,33.63685,-118.7791
,,,33.86365,-118.66515
,,,33.7837,-118.9102
,,,33.5026,-119.3129
,,,33.63275,-120.5955
,,,33.84625,-120.40625
,,,34.02675,-120.8109
,,,34.1346,-120.59635
,,,34.6389,-121.0054
,,,34.5381,-120.784
,,,35.09445,-121.20455
,,,35.5566,-121.4309
,,,35.4268,-121.66395
,,,35.6314,-121.6682
,,,36.04435,-122.15475
,,,36.56075,-122.417
,,,36.5145,-122.3189
,,,48.509,-125.18015
,,,48.49265,-125.5315
,,,47.16475,-125.70315
,,,46.7807,-124.52115
,,,46.33785,-124.32725
,,,46.1104,-124.26115
,,,45.3205,-124.17095
,,,45.1732,-124.2678
,,,44.9835,-124.3298
,,,44.81265,-124.3878
,,,43.32635,-124.6254
,,,43.1544,-124.6598
,,,44.4946,-124.52985
,,,42.98435,-125.038
,,,42.9964,-125.64185
,,,42.98755,-125.1973
,,,42.8232,-125.0096
,,,42.3084,-124.5651
,,,42.269,-124.54915
,,,42.00585,-124.6085
,,,41.8426,-124.53845
,,,41.6596,-124.70655
,,,41.86435,-124.7276
,,,41.6975,-124.41285
,,,41.211,-124.271
,,,40.89975,-124.41125
,,,40.86515,-124.7433
,,,40.66275,-124.51745
,,,40.53,-124.6554
,,,40.2477,-124.46975
,,,40.00495,-124.16885
,,,39.7292,-123.92185
,,,39.5259,-123.929
,,,39.10915,-124.02645
,,,39.15015,-123.9021
,,,39.1879,-123.8316
,,,38.728,-123.99765
,,,38.46135,-123.74835
,,,37.57935,-123.16715
,,,37.48965,-123.32255
,,,37.45455,-123.3695
,,,37.24815,-122.63635
,,,37.3975,-122.69905
,,,37.30915,-122.86665
,,,36.194,-122.78335
,,,36.3575,-122.431
,,,35.8495,-121.8834
,,,35.9805,-121.96675
,,,36.13305,-122.05735
,,,35.29965,-121.3309
,,,34.84045,-120.75395
,,,34.364,-119.75525
,,,33.76065,-119.9154
,,,33.9895,-118.63745
,,,33.95985,-119.1907
,,,33.4809,-119.4065
,,,33.23705,-118.53655
,,,33.3325,-118.8153
,,,33.33035,-119.11
,,,33.14475,-119.2261
,,,33.1353,-118.75905
,,,33.13675,-118.7369
,,,32.60935,-118.16725
,,,32.78165,-118.113
,,,32.96895,-118.11265
,,,33.271,-117.5756
,,,33.3319,-117.74065
,,,32.8987,-117.33505
,,,33.0264,-117.4117
,,,32.808,-117.4271
,,,43.33035,-124.62865
,,,43.1987,-124.76675
,,,42.9731,-125.8105
,,,43.13575,-125.9875
,,,43.31465,-125.8524
,,,31.8485,-117.0406
,,,31.94045,-117.29205
,,,32.1699,-117.1852
,,,30.4985,-116.2873
,,,30.69215,-116.27075
,,,40.36145,-124.6482
,,,39.79525,-124.659
,,,39.87,-124.5132
,,,39.738,-123.99595
,,,39.68025,-124.0183
,,,39.5446,-123.9559
,,,39.15125,-123.94075
,,,39.31395,-123.93935
,,,38.84375,-124.14935
,,,38.7123,-124.1594
,,,38.4401,-123.8373
,,,38.33735,-123.2306
,,,37.9855,-123.1759
,,,37.56265,-123.1566
,,,37.5265,-123.29915
,,,37.3146,-122.9515
,,,37.53275,-122.846
,,,37.08435,-122.53085
,,,32.6745,-117.79965
,,,32.7622,-118.2126
,,,32.96795,-117.8905
,,,32.9394,-117.9029
,,,33.13865,-119.1219
,,,33.37305,-119.2085
,,,33.28345,-117.55605
,,,36.1709,-122.04755
,,,36.2196,-121.9369
,,,35.52725,-121.75385
,,,35.4866,-121.85575
,,,34.9001,-121.42985
,,,34.96975,-121.3495
,,,35.12375,-120.853
,,,34.522,-120.6819
,,,34.3795,-120.90225
,,,34.30715,-120.66015
,,,34.3548,-119.744
,,,34.344,-120.10025
,,,34.13785,-120.62755
,,,33.8471,-120.43115
,,,33.77565,-119.81425
,,,33.3829,-120.57895
,,,33.47425,-120.40235
,,,33.2966,-120.3615
,,,33.4823,-119.60445
,,,33.362,-119.8564
,,,33.348,-119.4602
,,,33.22825,-118.8658
,,,33.1065,-118.71465
,,,33.46025,-118.3611
,,,32.95075,-118.72225
,,,32.684,-118.56025
,,,32.5234,-117.65265
,,,31.71255,-117.02125
,,,31.5895,-117.26295
,,,31.3949,-116.8113
,,,31.09835,-116.69045
,,,32.7263,-118.83075
,,,33.74375,-119.36345
,,,33.44975,-119.22675
,,,33.1036,-119.1518
,,,32.8688,-119.57295
,,,32.9535,-119.64375
,,,33.4763,-120.3576
,,,34.1167,-121.0021
,,,34.07215,-120.8597
,,,34.2045,-120.84575
,,,34.03525,-119.5001
,,,34.145,-119.403
,,,34.8895,-121.0173
,,,34.956,-120.8815
,,,35.05825,-120.87815
,,,34.73035,-121.339
,,,34.67425,-121.4326
,,,35.44585,-121.4765
,,,35.44,-121.1961
,,,35.57275,-121.21385
,,,35.6491,-121.83955
,,,35.84435,-121.4536
,,,36.045,-121.83365
,,,36.2926,-122.12535
,,,37.07885,-122.9184
,,,37.0174,-123.0645
,,,37.40075,-123.06595
,,,37.70515,-123.2495
,,,37.6029,-123.446
,,,38.0295,-123.3654
,,,38.40185,-123.41485
,,,39.0115,-123.8196
,,,38.9626,-123.9243
,,,39.69335,-123.9966
,,,40.4541,-124.602
,,,40.24205,-124.51075
,,,44.45975,-124.65205
,,,44.7615,-124.29195
,,,46.10865,-124.4804
,,,46.10305,-124.73535
,,,44.09525,-124.4138
,,,46.37125,-124.88285
,,,46.4439,-124.52465
,,,46.78325,-124.35945
,,,47.08125,-124.4992
,,,47.1059,-124.871
,,,47.60125,-124.772
,,,47.7748,-124.8213
,,,28.75925,-114.82055
,,,29.83385,-116.10475
,,,30.0274,-116.1697
,,,30.87315,-116.43645
,,,31.05955,-116.5034
,,,31.07585,-116.8086
,,,31.90735,-116.97225
,,,31.9311,-117.14005
,,,32.34465,-118.1675
,,,32.24765,-118.2875
,,,32.53925,-118.081
,,,32.3841,-118.0127
,,,32.2338,-117.91935
,,,32.75045,-117.66525
,,,32.66725,-117.45815
,,,33.04885,-117.90285
,,,33.168,-117.667
,,,33.30485,-117.77675
,,,33.0286,-118.3115
,,,32.5091,-118.59925
,,,32.6054,-118.7836
,,,32.7087,-118.9725
,,,32.9386,-119.68525
,,,33.04095,-119.70085
,,,33.11375,-119.28975
,,,32.9079,-119.15835
,,,33.59125,-118.75435
,,,33.43535,-118.03175
,,,34.16255,-119.5215
,,,34.0474,-119.49025
,,,33.501,-120.10175
,,,33.62225,-120.1443
,,,33.13785,-120.01485
,,,33.24915,-120.21995
,,,33.733,-120.4482
,,,33.84375,-120.3309
,,,33.9303,-120.46915
,,,34.0562,-120.966
,,,33.99195,-120.719
,,,34.18395,-120.7569
,,,34.3525,-120.38195
,,,34.24595,-120.56995
,,,34.3745,-121.1505
,,,34.2612,-120.96495
,,,34.3246,-121.24485
,,,34.64615,-121.4039
,,,34.5431,-121.22365
,,,34.58765,-121.5405
,,,35.35315,-121.14325
,,,35.17615,-121.10365
,,,35.113,-121.64175
,,,35.23375,-121.4166
,,,35.5855,-121.8853
,,,35.7356,-121.9588
,,,35.832,-122.14385
,,,36.1183,-122.0306
,,,36.00185,-122.25475
,,,36.48725,-122.05385
,,,36.89195,-122.43075
,,,36.5716,-122.35
,,,36.669,-122.632
,,,37.23285,-122.5463
,,,37.12385,-122.8376
,,,37.1748,-123.11605
,,,37.52485,-122.9382
,,,38.2594,-123.49675
,,,38.5296,-123.5819
,,,38.98635,-124.0825
,,,38.82545,-123.769
,,,39.3735,-123.92205
,,,39.56475,-123.88485
,,,40.04435,-124.15555
,,,40.21975,-124.6526
,,,40.69805,-124.51995
,,,40.86125,-124.44845
,,,40.89335,-124.28605
,,,41.19345,-124.32285
,,,41.35665,-124.35465
,,,41.35675,-124.27895
,,,41.6796,-125.08025
,,,41.6675,-124.5171
,,,42.01815,-124.57455
,,,42.0068,-124.44565
,,,42.1801,-124.5456
,,,43.51275,-124.3995
,,,43.84825,-124.90615
,,,43.83965,-124.5551
,,,44.001,-124.4221
,,,44.3325,-124.815
,,,44.1594,-124.7596
,,,43.9879,-124.7816
,,,44.16875,-124.5194
,,,44.33725,-124.25525
,,,45.01625,-125.0063
,,,44.8358,-124.72025
,,,44.8206,-124.82765
,,,45.00155,-124.2066
,,,45.13675,-124.35955
,,,45.2176,-124.3849
,,,45.67715,-125.08025
,,,45.49285,-124.74415
,,,45.6694,-124.215
,,,45.5056,-124.3327
,,,45.8399,-124.21435
,,,46.0203,-124.09415
,,,46.7611,-124.3557
,,,46.5865,-124.32915
,,,46.44095,-124.2976
,,,46.983,-124.79225
,,,47.0099,-124.64075
,,,47.5371,-124.8639
,,,47.7575,-124.7688
,,,47.8865,-124.84635
,,,47.8335,-125.0561
,,,48.4301,-124.782
,,,48.218,-125.6504
,,,48.4699,-125.4512
,,,48.80975,-126.3266
,,,48.53905,-126.0214
,,,49.5176,-127.34665
,,,49.66535,-127.1596
,,,49.8005,-127.6905
