scientific_name,quality.indic,FID,subsample_count,specimen_number,subsample_weight,remaining_weight,Species_weight,weight,cruise,ship,haul,collection,latitude,longitude,itis_tsn,sex,is_random_sample,standard_length,fork_length,total_length,mantle_length,start_latitude,start_longitude,stop_latitude,stop_longitude,equilibrium_time.utc,haulback_time.utc,surface_temp,surface_temp_method,ship_spd_through_water,presence_only,beginTransect,endTransect,quality.indic2
Sardinops sagax,0.267,703,50,60,10.3,355.6,365.9,0.261,200307,FR,32,2034,44.1466,-124.4486,161729,female,Y,262,,,,44.1466,-124.4486,44.1106,-124.4436,2003-07-20T06:50:00Z,2003-07-20T07:20:00Z,16.1,TSG,3.6,N,"-124.4486,44.1466","-124.4436,44.1106",-10.039
Sardinops sagax,0.377,3753,50,51,2.8395,0.377,3.2165,0.0595,200504,JD,11,2253,34.5045,-121.2206,161729,male,Y,172,,,,34.5045,-121.2206,34.487,-121.186,2005-04-06T10:26:00Z,2005-04-06T10:56:00Z,14.4,TSG,,N,"-121.2206,34.5045","-121.186,34.487",-2.463
Sardinops sagax,0.377,3754,50,52,2.8395,0.377,3.2165,0.056,200504,JD,11,2253,34.5045,-121.2206,161729,male,Y,176,,,,34.5045,-121.2206,34.487,-121.186,2005-04-06T10:26:00Z,2005-04-06T10:56:00Z,14.4,TSG,,N,"-121.2206,34.5045","-121.186,34.487",-2.463
Sardinops sagax,0.377,3755,50,53,2.8395,0.377,3.2165,0.0515,200504,JD,11,2253,34.5045,-121.2206,161729,male,Y,167,,,,34.5045,-121.2206,34.487,-121.186,2005-04-06T10:26:00Z,2005-04-06T10:56:00Z,14.4,TSG,,N,"-121.2206,34.5045","-121.186,34.487",-2.463
Sardinops sagax,0.377,3756,50,54,2.8395,0.377,3.2165,0.0515,200504,JD,11,2253,34.5045,-121.2206,161729,male,Y,168,,,,34.5045,-121.2206,34.487,-121.186,2005-04-06T10:26:00Z,2005-04-06T10:56:00Z,14.4,TSG,,N,"-121.2206,34.5045","-121.186,34.487",-2.463
Sardinops sagax,0.377,3757,50,55,2.8395,0.377,3.2165,0.056,200504,JD,11,2253,34.5045,-121.2206,161729,female,Y,177,,,,34.5045,-121.2206,34.487,-121.186,2005-04-06T10:26:00Z,2005-04-06T10:56:00Z,14.4,TSG,,N,"-121.2206,34.5045","-121.186,34.487",-2.463
Sardinops sagax,0.377,3758,50,56,2.8395,0.377,3.2165,0.05,200504,JD,11,2253,34.5045,-121.2206,161729,male,Y,162,,,,34.5045,-121.2206,34.487,-121.186,2005-04-06T10:26:00Z,2005-04-06T10:56:00Z,14.4,TSG,,N,"-121.2206,34.5045","-121.186,34.487",-2.463
Sardinops sagax,0.377,3759,50,57,2.8395,0.377,3.2165,0.0525,200504,JD,11,2253,34.5045,-121.2206,161729,male,Y,169,,,,34.5045,-121.2206,34.487,-121.186,2005-04-06T10:26:00Z,2005-04-06T10:56:00Z,14.4,TSG,,N,"-121.2206,34.5045","-121.186,34.487",-2.463
Sardinops sagax,2.37,6333,50,51,5.8885,2.37,8.2585,0.162,200904,FR,21,2503,34.0436,-122.561,161729,female,Y,230,,,,34.0436,-122.561,34.0551,-122.5988,2009-04-23T05:25:00Z,2009-04-23T05:55:00Z,13.9,TSG,3.1,N,"-122.561,34.0436","-122.5988,34.0551",-3.518
Sardinops sagax,2.37,6334,50,52,5.8885,2.37,8.2585,0.155,200904,FR,21,2503,34.0436,-122.561,161729,female,Y,218,,,,34.0436,-122.561,34.0551,-122.5988,2009-04-23T05:25:00Z,2009-04-23T05:55:00Z,13.9,TSG,3.1,N,"-122.561,34.0436","-122.5988,34.0551",-3.518
Sardinops sagax,2.37,6335,50,53,5.8885,2.37,8.2585,0.113,200904,FR,21,2503,34.0436,-122.561,161729,female,Y,220,,,,34.0436,-122.561,34.0551,-122.5988,2009-04-23T05:25:00Z,2009-04-23T05:55:00Z,13.9,TSG,3.1,N,"-122.561,34.0436","-122.5988,34.0551",-3.518
Sardinops sagax,2.37,6336,50,54,5.8885,2.37,8.2585,0.142,200904,FR,21,2503,34.0436,-122.561,161729,female,Y,225,,,,34.0436,-122.561,34.0551,-122.5988,2009-04-23T05:25:00Z,2009-04-23T05:55:00Z,13.9,TSG,3.1,N,"-122.561,34.0436","-122.5988,34.0551",-3.518
Sardinops sagax,2.37,6337,50,55,5.8885,2.37,8.2585,0.112,200904,FR,21,2503,34.0436,-122.561,161729,male,Y,209,,,,34.0436,-122.561,34.0551,-122.5988,2009-04-23T05:25:00Z,2009-04-23T05:55:00Z,13.9,TSG,3.1,N,"-122.561,34.0436","-122.5988,34.0551",-3.518
Sardinops sagax,2.37,6338,50,56,5.8885,2.37,8.2585,0.1085,200904,FR,21,2503,34.0436,-122.561,161729,male,Y,213,,,,34.0436,-122.561,34.0551,-122.5988,2009-04-23T05:25:00Z,2009-04-23T05:55:00Z,13.9,TSG,3.1,N,"-122.561,34.0436","-122.5988,34.0551",-3.518
Sardinops sagax,2.37,6339,50,57,5.8885,2.37,8.2585,0.104,200904,FR,21,2503,34.0436,-122.561,161729,male,Y,214,,,,34.0436,-122.561,34.0551,-122.5988,2009-04-23T05:25:00Z,2009-04-23T05:55:00Z,13.9,TSG,3.1,N,"-122.561,34.0436","-122.5988,34.0551",-3.518
Sardinops sagax,2.37,6340,50,58,5.8885,2.37,8.2585,0.1315,200904,FR,21,2503,34.0436,-122.561,161729,female,Y,212,,,,34.0436,-122.561,34.0551,-122.5988,2009-04-23T05:25:00Z,2009-04-23T05:55:00Z,13.9,TSG,3.1,N,"-122.561,34.0436","-122.5988,34.0551",-3.518
Sardinops sagax,2.37,6341,50,59,5.8885,2.37,8.2585,0.1095,200904,FR,21,2503,34.0436,-122.561,161729,female,Y,217,,,,34.0436,-122.561,34.0551,-122.5988,2009-04-23T05:25:00Z,2009-04-23T05:55:00Z,13.9,TSG,3.1,N,"-122.561,34.0436","-122.5988,34.0551",-3.518
Sardinops sagax,2.37,6342,50,60,5.8885,2.37,8.2585,0.1055,200904,FR,21,2503,34.0436,-122.561,161729,female,Y,207,,,,34.0436,-122.561,34.0551,-122.5988,2009-04-23T05:25:00Z,2009-04-23T05:55:00Z,13.9,TSG,3.1,N,"-122.561,34.0436","-122.5988,34.0551",-3.518
Sardinops sagax,2.37,6343,50,61,5.8885,2.37,8.2585,0.1255,200904,FR,21,2503,34.0436,-122.561,161729,male,Y,220,,,,34.0436,-122.561,34.0551,-122.5988,2009-04-23T05:25:00Z,2009-04-23T05:55:00Z,13.9,TSG,3.1,N,"-122.561,34.0436","-122.5988,34.0551",-3.518
Sardinops sagax,2.37,6344,50,62,5.8885,2.37,8.2585,0.0985,200904,FR,21,2503,34.0436,-122.561,161729,female,Y,208,,,,34.0436,-122.561,34.0551,-122.5988,2009-04-23T05:25:00Z,2009-04-23T05:55:00Z,13.9,TSG,3.1,N,"-122.561,34.0436","-122.5988,34.0551",-3.518
Sardinops sagax,2.37,6345,50,63,5.8885,2.37,8.2585,0.1285,200904,FR,21,2503,34.0436,-122.561,161729,female,Y,214,,,,34.0436,-122.561,34.0551,-122.5988,2009-04-23T05:25:00Z,2009-04-23T05:55:00Z,13.9,TSG,3.1,N,"-122.561,34.0436","-122.5988,34.0551",-3.518
Sardinops sagax,2.37,6346,50,64,5.8885,2.37,8.2585,0.108,200904,FR,21,2503,34.0436,-122.561,161729,male,Y,209,,,,34.0436,-122.561,34.0551,-122.5988,2009-04-23T05:25:00Z,2009-04-23T05:55:00Z,13.9,TSG,3.1,N,"-122.561,34.0436","-122.5988,34.0551",-3.518
Sardinops sagax,2.37,6347,50,65,5.8885,2.37,8.2585,0.132,200904,FR,21,2503,34.0436,-122.561,161729,female,Y,210,,,,34.0436,-122.561,34.0551,-122.5988,2009-04-23T05:25:00Z,2009-04-23T05:55:00Z,13.9,TSG,3.1,N,"-122.561,34.0436","-122.5988,34.0551",-3.518
Sardinops sagax,2.37,6348,50,66,5.8885,2.37,8.2585,0.1105,200904,FR,21,2503,34.0436,-122.561,161729,female,Y,213,,,,34.0436,-122.561,34.0551,-122.5988,2009-04-23T05:25:00Z,2009-04-23T05:55:00Z,13.9,TSG,3.1,N,"-122.561,34.0436","-122.5988,34.0551",-3.518
Sardinops sagax,2.37,6349,50,67,5.8885,2.37,8.2585,0.104,200904,FR,21,2503,34.0436,-122.561,161729,female,Y,213,,,,34.0436,-122.561,34.0551,-122.5988,2009-04-23T05:25:00Z,2009-04-23T05:55:00Z,13.9,TSG,3.1,N,"-122.561,34.0436","-122.5988,34.0551",-3.518
Sardinops sagax,2.37,6350,50,68,5.8885,2.37,8.2585,0.106,200904,FR,21,2503,34.0436,-122.561,161729,female,Y,206,,,,34.0436,-122.561,34.0551,-122.5988,2009-04-23T05:25:00Z,2009-04-23T05:55:00Z,13.9,TSG,3.1,N,"-122.561,34.0436","-122.5988,34.0551",-3.518
Sardinops sagax,2.37,6351,50,69,5.8885,2.37,8.2585,0.092,200904,FR,21,2503,34.0436,-122.561,161729,male,Y,203,,,,34.0436,-122.561,34.0551,-122.5988,2009-04-23T05:25:00Z,2009-04-23T05:55:00Z,13.9,TSG,3.1,N,"-122.561,34.0436","-122.5988,34.0551",-3.518
Sardinops sagax,2.37,6352,50,70,5.8885,2.37,8.2585,0.122,200904,FR,21,2503,34.0436,-122.561,161729,female,Y,224,,,,34.0436,-122.561,34.0551,-122.5988,2009-04-23T05:25:00Z,2009-04-23T05:55:00Z,13.9,TSG,3.1,N,"-122.561,34.0436","-122.5988,34.0551",-3.518
Sardinops sagax,0.314,6411,50,51,5.5215,0.314,5.8355,0.111,200904,FR,29,2511,33.7335,-121.1963,161729,female,Y,215,,,,33.7335,-121.1963,33.6995,-121.1845,2009-04-25T03:36:00Z,2009-04-25T04:06:00Z,13.4,TSG,3.2,N,"-121.1963,33.7335","-121.1845,33.6995",-5.207
Sardinops sagax,0.314,6412,50,52,5.5215,0.314,5.8355,0.1075,200904,FR,29,2511,33.7335,-121.1963,161729,female,Y,214,,,,33.7335,-121.1963,33.6995,-121.1845,2009-04-25T03:36:00Z,2009-04-25T04:06:00Z,13.4,TSG,3.2,N,"-121.1963,33.7335","-121.1845,33.6995",-5.207
Sardinops sagax,0.314,6413,50,53,5.5215,0.314,5.8355,0.0955,200904,FR,29,2511,33.7335,-121.1963,161729,female,Y,200,,,,33.7335,-121.1963,33.6995,-121.1845,2009-04-25T03:36:00Z,2009-04-25T04:06:00Z,13.4,TSG,3.2,N,"-121.1963,33.7335","-121.1845,33.6995",-5.207
Sardinops sagax,1.554,6464,50,51,5.648,1.554,7.202,0.107,200904,FR,30,2512,33.8511,-120.9456,161729,male,Y,217,,,,33.8511,-120.9456,33.8223,-120.9268,2009-04-25T06:41:00Z,2009-04-25T07:11:00Z,13.3,TSG,2.8,N,"-120.9456,33.8511","-120.9268,33.8223",-4.094
Sardinops sagax,1.554,6465,50,52,5.648,1.554,7.202,0.105,200904,FR,30,2512,33.8511,-120.9456,161729,female,Y,217,,,,33.8511,-120.9456,33.8223,-120.9268,2009-04-25T06:41:00Z,2009-04-25T07:11:00Z,13.3,TSG,2.8,N,"-120.9456,33.8511","-120.9268,33.8223",-4.094
Sardinops sagax,1.554,6466,50,53,5.648,1.554,7.202,0.1,200904,FR,30,2512,33.8511,-120.9456,161729,male,Y,204,,,,33.8511,-120.9456,33.8223,-120.9268,2009-04-25T06:41:00Z,2009-04-25T07:11:00Z,13.3,TSG,2.8,N,"-120.9456,33.8511","-120.9268,33.8223",-4.094
Sardinops sagax,1.554,6467,50,54,5.648,1.554,7.202,0.108,200904,FR,30,2512,33.8511,-120.9456,161729,male,Y,219,,,,33.8511,-120.9456,33.8223,-120.9268,2009-04-25T06:41:00Z,2009-04-25T07:11:00Z,13.3,TSG,2.8,N,"-120.9456,33.8511","-120.9268,33.8223",-4.094
Sardinops sagax,1.554,6468,50,55,5.648,1.554,7.202,0.1015,200904,FR,30,2512,33.8511,-120.9456,161729,female,Y,206,,,,33.8511,-120.9456,33.8223,-120.9268,2009-04-25T06:41:00Z,2009-04-25T07:11:00Z,13.3,TSG,2.8,N,"-120.9456,33.8511","-120.9268,33.8223",-4.094
Sardinops sagax,1.554,6469,50,56,5.648,1.554,7.202,0.0985,200904,FR,30,2512,33.8511,-120.9456,161729,female,Y,207,,,,33.8511,-120.9456,33.8223,-120.9268,2009-04-25T06:41:00Z,2009-04-25T07:11:00Z,13.3,TSG,2.8,N,"-120.9456,33.8511","-120.9268,33.8223",-4.094
Sardinops sagax,1.554,6470,50,57,5.648,1.554,7.202,0.1025,200904,FR,30,2512,33.8511,-120.9456,161729,female,Y,207,,,,33.8511,-120.9456,33.8223,-120.9268,2009-04-25T06:41:00Z,2009-04-25T07:11:00Z,13.3,TSG,2.8,N,"-120.9456,33.8511","-120.9268,33.8223",-4.094
Sardinops sagax,1.554,6471,50,58,5.648,1.554,7.202,0.154,200904,FR,30,2512,33.8511,-120.9456,161729,female,Y,224,,,,33.8511,-120.9456,33.8223,-120.9268,2009-04-25T06:41:00Z,2009-04-25T07:11:00Z,13.3,TSG,2.8,N,"-120.9456,33.8511","-120.9268,33.8223",-4.094
Sardinops sagax,1.554,6472,50,59,5.648,1.554,7.202,0.1015,200904,FR,30,2512,33.8511,-120.9456,161729,male,Y,216,,,,33.8511,-120.9456,33.8223,-120.9268,2009-04-25T06:41:00Z,2009-04-25T07:11:00Z,13.3,TSG,2.8,N,"-120.9456,33.8511","-120.9268,33.8223",-4.094
Sardinops sagax,1.554,6473,50,60,5.648,1.554,7.202,0.1445,200904,FR,30,2512,33.8511,-120.9456,161729,female,Y,241,,,,33.8511,-120.9456,33.8223,-120.9268,2009-04-25T06:41:00Z,2009-04-25T07:11:00Z,13.3,TSG,2.8,N,"-120.9456,33.8511","-120.9268,33.8223",-4.094
Sardinops sagax,1.554,6474,50,61,5.648,1.554,7.202,0.116,200904,FR,30,2512,33.8511,-120.9456,161729,female,Y,218,,,,33.8511,-120.9456,33.8223,-120.9268,2009-04-25T06:41:00Z,2009-04-25T07:11:00Z,13.3,TSG,2.8,N,"-120.9456,33.8511","-120.9268,33.8223",-4.094
Sardinops sagax,1.554,6475,50,62,5.648,1.554,7.202,0.105,200904,FR,30,2512,33.8511,-120.9456,161729,female,Y,210,,,,33.8511,-120.9456,33.8223,-120.9268,2009-04-25T06:41:00Z,2009-04-25T07:11:00Z,13.3,TSG,2.8,N,"-120.9456,33.8511","-120.9268,33.8223",-4.094
Sardinops sagax,1.554,6476,50,63,5.648,1.554,7.202,0.1055,200904,FR,30,2512,33.8511,-120.9456,161729,female,Y,215,,,,33.8511,-120.9456,33.8223,-120.9268,2009-04-25T06:41:00Z,2009-04-25T07:11:00Z,13.3,TSG,2.8,N,"-120.9456,33.8511","-120.9268,33.8223",-4.094
Sardinops sagax,1.554,6477,50,64,5.648,1.554,7.202,0.105,200904,FR,30,2512,33.8511,-120.9456,161729,female,Y,217,,,,33.8511,-120.9456,33.8223,-120.9268,2009-04-25T06:41:00Z,2009-04-25T07:11:00Z,13.3,TSG,2.8,N,"-120.9456,33.8511","-120.9268,33.8223",-4.094
Sardinops sagax,0,10467,49,50,8.4245,33.55,41.9745,0.154,201407,SH,33,3296,45.7578,-124.3552,161729,male,Y,228,,,,45.7578,-124.3552,45.7783,-124.3825,2014-07-09T05:47:00Z,2014-07-09T06:17:00Z,16.6,TSG,3.8,N,"-124.3552,45.7578","-124.3825,45.7783",-8.27
Sardinops sagax,0,16210,36,37,2.0275,4.53,6.5575,0.0755,202207,RL,6,4453,39.8202,-124.4963,161729,male,Y,178,,,,39.8202,-124.4963,39.7805,-124.4553,2022-07-27T10:06:00Z,2022-07-27T10:51:00Z,10.5,TSG,3.7,N,"-124.4963,39.8202","-124.4553,39.7805",-0.573
Sardinops sagax,0,16211,36,38,2.0275,4.53,6.5575,0.051,202207,RL,6,4453,39.8202,-124.4963,161729,male,Y,164,,,,39.8202,-124.4963,39.7805,-124.4553,2022-07-27T10:06:00Z,2022-07-27T10:51:00Z,10.5,TSG,3.7,N,"-124.4963,39.8202","-124.4553,39.7805",-0.573
Sardinops sagax,0,16212,36,51,2.0275,4.53,6.5575,0.0595,202207,RL,6,4453,39.8202,-124.4963,161729,unknown,Y,163,,,,39.8202,-124.4963,39.7805,-124.4553,2022-07-27T10:06:00Z,2022-07-27T10:51:00Z,10.5,TSG,3.7,N,"-124.4963,39.8202","-124.4553,39.7805",-0.573
Sardinops sagax,0,16213,36,52,2.0275,4.53,6.5575,0.063,202207,RL,6,4453,39.8202,-124.4963,161729,unknown,Y,165,,,,39.8202,-124.4963,39.7805,-124.4553,2022-07-27T10:06:00Z,2022-07-27T10:51:00Z,10.5,TSG,3.7,N,"-124.4963,39.8202","-124.4553,39.7805",-0.573
Sardinops sagax,0,16214,36,53,2.0275,4.53,6.5575,0.0445,202207,RL,6,4453,39.8202,-124.4963,161729,unknown,Y,153,,,,39.8202,-124.4963,39.7805,-124.4553,2022-07-27T10:06:00Z,2022-07-27T10:51:00Z,10.5,TSG,3.7,N,"-124.4963,39.8202","-124.4553,39.7805",-0.573
Sardinops sagax,0,16215,36,54,2.0275,4.53,6.5575,0.052,202207,RL,6,4453,39.8202,-124.4963,161729,unknown,Y,162,,,,39.8202,-124.4963,39.7805,-124.4553,2022-07-27T10:06:00Z,2022-07-27T10:51:00Z,10.5,TSG,3.7,N,"-124.4963,39.8202","-124.4553,39.7805",-0.573
Sardinops sagax,0,16216,36,55,2.0275,4.53,6.5575,0.041,202207,RL,6,4453,39.8202,-124.4963,161729,unknown,Y,150,,,,39.8202,-124.4963,39.7805,-124.4553,2022-07-27T10:06:00Z,2022-07-27T10:51:00Z,10.5,TSG,3.7,N,"-124.4963,39.8202","-124.4553,39.7805",-0.573
Sardinops sagax,0,16217,36,56,2.0275,4.53,6.5575,0.051,202207,RL,6,4453,39.8202,-124.4963,161729,unknown,Y,158,,,,39.8202,-124.4963,39.7805,-124.4553,2022-07-27T10:06:00Z,2022-07-27T10:51:00Z,10.5,TSG,3.7,N,"-124.4963,39.8202","-124.4553,39.7805",-0.573
Sardinops sagax,0,16218,36,57,2.0275,4.53,6.5575,0.058,202207,RL,6,4453,39.8202,-124.4963,161729,unknown,Y,164,,,,39.8202,-124.4963,39.7805,-124.4553,2022-07-27T10:06:00Z,2022-07-27T10:51:00Z,10.5,TSG,3.7,N,"-124.4963,39.8202","-124.4553,39.7805",-0.573
Sardinops sagax,0,16219,36,58,2.0275,4.53,6.5575,0.053,202207,RL,6,4453,39.8202,-124.4963,161729,unknown,Y,166,,,,39.8202,-124.4963,39.7805,-124.4553,2022-07-27T10:06:00Z,2022-07-27T10:51:00Z,10.5,TSG,3.7,N,"-124.4963,39.8202","-124.4553,39.7805",-0.573
Sardinops sagax,0,16220,36,59,2.0275,4.53,6.5575,0.0675,202207,RL,6,4453,39.8202,-124.4963,161729,unknown,Y,170,,,,39.8202,-124.4963,39.7805,-124.4553,2022-07-27T10:06:00Z,2022-07-27T10:51:00Z,10.5,TSG,3.7,N,"-124.4963,39.8202","-124.4553,39.7805",-0.573
Sardinops sagax,0,16221,36,60,2.0275,4.53,6.5575,0.041,202207,RL,6,4453,39.8202,-124.4963,161729,unknown,Y,159,,,,39.8202,-124.4963,39.7805,-124.4553,2022-07-27T10:06:00Z,2022-07-27T10:51:00Z,10.5,TSG,3.7,N,"-124.4963,39.8202","-124.4553,39.7805",-0.573
Sardinops sagax,0,16222,36,61,2.0275,4.53,6.5575,0.0655,202207,RL,6,4453,39.8202,-124.4963,161729,unknown,Y,172,,,,39.8202,-124.4963,39.7805,-124.4553,2022-07-27T10:06:00Z,2022-07-27T10:51:00Z,10.5,TSG,3.7,N,"-124.4963,39.8202","-124.4553,39.7805",-0.573
Sardinops sagax,0,16223,36,62,2.0275,4.53,6.5575,0.0445,202207,RL,6,4453,39.8202,-124.4963,161729,unknown,Y,157,,,,39.8202,-124.4963,39.7805,-124.4553,2022-07-27T10:06:00Z,2022-07-27T10:51:00Z,10.5,TSG,3.7,N,"-124.4963,39.8202","-124.4553,39.7805",-0.573
Sardinops sagax,0,16224,36,63,2.0275,4.53,6.5575,0.0615,202207,RL,6,4453,39.8202,-124.4963,161729,unknown,Y,171,,,,39.8202,-124.4963,39.7805,-124.4553,2022-07-27T10:06:00Z,2022-07-27T10:51:00Z,10.5,TSG,3.7,N,"-124.4963,39.8202","-124.4553,39.7805",-0.573
Sardinops sagax,0,16225,36,64,2.0275,4.53,6.5575,0.06,202207,RL,6,4453,39.8202,-124.4963,161729,unknown,Y,167,,,,39.8202,-124.4963,39.7805,-124.4553,2022-07-27T10:06:00Z,2022-07-27T10:51:00Z,10.5,TSG,3.7,N,"-124.4963,39.8202","-124.4553,39.7805",-0.573
Sardinops sagax,0,16226,36,65,2.0275,4.53,6.5575,0.04,202207,RL,6,4453,39.8202,-124.4963,161729,unknown,Y,149,,,,39.8202,-124.4963,39.7805,-124.4553,2022-07-27T10:06:00Z,2022-07-27T10:51:00Z,10.5,TSG,3.7,N,"-124.4963,39.8202","-124.4553,39.7805",-0.573
Sardinops sagax,0,16227,36,66,2.0275,4.53,6.5575,0.062,202207,RL,6,4453,39.8202,-124.4963,161729,unknown,Y,165,,,,39.8202,-124.4963,39.7805,-124.4553,2022-07-27T10:06:00Z,2022-07-27T10:51:00Z,10.5,TSG,3.7,N,"-124.4963,39.8202","-124.4553,39.7805",-0.573
Sardinops sagax,0,16228,36,67,2.0275,4.53,6.5575,0.047,202207,RL,6,4453,39.8202,-124.4963,161729,unknown,Y,157,,,,39.8202,-124.4963,39.7805,-124.4553,2022-07-27T10:06:00Z,2022-07-27T10:51:00Z,10.5,TSG,3.7,N,"-124.4963,39.8202","-124.4553,39.7805",-0.573
Sardinops sagax,0,16229,36,68,2.0275,4.53,6.5575,0.056,202207,RL,6,4453,39.8202,-124.4963,161729,unknown,Y,164,,,,39.8202,-124.4963,39.7805,-124.4553,2022-07-27T10:06:00Z,2022-07-27T10:51:00Z,10.5,TSG,3.7,N,"-124.4963,39.8202","-124.4553,39.7805",-0.573
Sardinops sagax,0,16230,36,69,2.0275,4.53,6.5575,0.042,202207,RL,6,4453,39.8202,-124.4963,161729,unknown,Y,150,,,,39.8202,-124.4963,39.7805,-124.4553,2022-07-27T10:06:00Z,2022-07-27T10:51:00Z,10.5,TSG,3.7,N,"-124.4963,39.8202","-124.4553,39.7805",-0.573
Sardinops sagax,0,16231,36,70,2.0275,4.53,6.5575,0.0615,202207,RL,6,4453,39.8202,-124.4963,161729,unknown,Y,175,,,,39.8202,-124.4963,39.7805,-124.4553,2022-07-27T10:06:00Z,2022-07-27T10:51:00Z,10.5,TSG,3.7,N,"-124.4963,39.8202","-124.4553,39.7805",-0.573
Sardinops sagax,0,16232,36,71,2.0275,4.53,6.5575,0.059,202207,RL,6,4453,39.8202,-124.4963,161729,unknown,Y,165,,,,39.8202,-124.4963,39.7805,-124.4553,2022-07-27T10:06:00Z,2022-07-27T10:51:00Z,10.5,TSG,3.7,N,"-124.4963,39.8202","-124.4553,39.7805",-0.573
Sardinops sagax,0,16233,36,72,2.0275,4.53,6.5575,0.04,202207,RL,6,4453,39.8202,-124.4963,161729,unknown,Y,151,,,,39.8202,-124.4963,39.7805,-124.4553,2022-07-27T10:06:00Z,2022-07-27T10:51:00Z,10.5,TSG,3.7,N,"-124.4963,39.8202","-124.4553,39.7805",-0.573
Sardinops sagax,0,16234,36,73,2.0275,4.53,6.5575,0.051,202207,RL,6,4453,39.8202,-124.4963,161729,unknown,Y,162,,,,39.8202,-124.4963,39.7805,-124.4553,2022-07-27T10:06:00Z,2022-07-27T10:51:00Z,10.5,TSG,3.7,N,"-124.4963,39.8202","-124.4553,39.7805",-0.573
Sardinops sagax,0,16235,36,74,2.0275,4.53,6.5575,0.057,202207,RL,6,4453,39.8202,-124.4963,161729,unknown,Y,166,,,,39.8202,-124.4963,39.7805,-124.4553,2022-07-27T10:06:00Z,2022-07-27T10:51:00Z,10.5,TSG,3.7,N,"-124.4963,39.8202","-124.4553,39.7805",-0.573
Sardinops sagax,0,16236,36,75,2.0275,4.53,6.5575,0.05,202207,RL,6,4453,39.8202,-124.4963,161729,unknown,Y,156,,,,39.8202,-124.4963,39.7805,-124.4553,2022-07-27T10:06:00Z,2022-07-27T10:51:00Z,10.5,TSG,3.7,N,"-124.4963,39.8202","-124.4553,39.7805",-0.573
Sardinops sagax,0,16247,11,12,0.549,0,0.549,0.0465,202207,RL,24,4471,37.022,-122.6633,161729,female,Y,156,,,,37.022,-122.6633,37.0615,-122.6978,2022-08-03T05:00:00Z,2022-08-03T05:45:00Z,14.3,TSG,3.8,N,"-122.6633,37.022","-122.6978,37.0615",-0.338
Sardinops sagax,0,16248,11,13,0.549,0,0.549,0.0485,202207,RL,24,4471,37.022,-122.6633,161729,male,Y,157,,,,37.022,-122.6633,37.0615,-122.6978,2022-08-03T05:00:00Z,2022-08-03T05:45:00Z,14.3,TSG,3.8,N,"-122.6633,37.022","-122.6978,37.0615",-0.338
Sardinops sagax,0,16249,11,14,0.549,0,0.549,0.0615,202207,RL,24,4471,37.022,-122.6633,161729,female,Y,167,,,,37.022,-122.6633,37.0615,-122.6978,2022-08-03T05:00:00Z,2022-08-03T05:45:00Z,14.3,TSG,3.8,N,"-122.6633,37.022","-122.6978,37.0615",-0.338
Sardinops sagax,0,16250,11,16,0.549,0,0.549,0.054,202207,RL,24,4471,37.022,-122.6633,161729,female,Y,162,,,,37.022,-122.6633,37.0615,-122.6978,2022-08-03T05:00:00Z,2022-08-03T05:45:00Z,14.3,TSG,3.8,N,"-122.6633,37.022","-122.6978,37.0615",-0.338
Sardinops sagax,0,16291,46,47,2.5485,14.346,16.8945,0.0415,202207,RL,26,4473,36.9343,-122.5208,161729,male,Y,153,,,,36.9343,-122.5208,36.8923,-122.5025,2022-08-03T09:59:00Z,2022-08-03T10:44:00Z,13.9,TSG,3.9,N,"-122.5208,36.9343","-122.5025,36.8923",-2.215
Sardinops sagax,0,16292,46,48,2.5485,14.346,16.8945,0.039,202207,RL,26,4473,36.9343,-122.5208,161729,male,Y,150,,,,36.9343,-122.5208,36.8923,-122.5025,2022-08-03T09:59:00Z,2022-08-03T10:44:00Z,13.9,TSG,3.9,N,"-122.5208,36.9343","-122.5025,36.8923",-2.215
Sardinops sagax,0,16293,46,49,2.5485,14.346,16.8945,0.05,202207,RL,26,4473,36.9343,-122.5208,161729,male,Y,154,,,,36.9343,-122.5208,36.8923,-122.5025,2022-08-03T09:59:00Z,2022-08-03T10:44:00Z,13.9,TSG,3.9,N,"-122.5208,36.9343","-122.5025,36.8923",-2.215
Sardinops sagax,0,16294,46,50,2.5485,14.346,16.8945,0.095,202207,RL,26,4473,36.9343,-122.5208,161729,female,Y,205,,,,36.9343,-122.5208,36.8923,-122.5025,2022-08-03T09:59:00Z,2022-08-03T10:44:00Z,13.9,TSG,3.9,N,"-122.5208,36.9343","-122.5025,36.8923",-2.215
Sardinops sagax,0,16295,46,51,2.5485,14.346,16.8945,0.0495,202207,RL,26,4473,36.9343,-122.5208,161729,male,Y,162,,,,36.9343,-122.5208,36.8923,-122.5025,2022-08-03T09:59:00Z,2022-08-03T10:44:00Z,13.9,TSG,3.9,N,"-122.5208,36.9343","-122.5025,36.8923",-2.215
Sardinops sagax,0,16296,46,52,2.5485,14.346,16.8945,0.059,202207,RL,26,4473,36.9343,-122.5208,161729,unknown,Y,170,,,,36.9343,-122.5208,36.8923,-122.5025,2022-08-03T09:59:00Z,2022-08-03T10:44:00Z,13.9,TSG,3.9,N,"-122.5208,36.9343","-122.5025,36.8923",-2.215
Sardinops sagax,0,16759,29,30,2.506,0,2.506,0.0655,202307,RL,10,4545,33.2145,-118.1317,161729,female,Y,177,,,,33.2145,-118.1317,33.1998,-118.1817,2023-07-21T10:34:00Z,2023-07-21T11:19:00Z,19.9,TSG,4,N,"-118.1317,33.2145","-118.1817,33.1998",-2.145
Sardinops sagax,0,16760,29,31,2.506,0,2.506,0.082,202307,RL,10,4545,33.2145,-118.1317,161729,male,Y,190,,,,33.2145,-118.1317,33.1998,-118.1817,2023-07-21T10:34:00Z,2023-07-21T11:19:00Z,19.9,TSG,4,N,"-118.1317,33.2145","-118.1817,33.1998",-2.145
Sardinops sagax,0,16761,29,32,2.506,0,2.506,0.095,202307,RL,10,4545,33.2145,-118.1317,161729,female,Y,199,,,,33.2145,-118.1317,33.1998,-118.1817,2023-07-21T10:34:00Z,2023-07-21T11:19:00Z,19.9,TSG,4,N,"-118.1317,33.2145","-118.1817,33.1998",-2.145
Sardinops sagax,0,16762,29,33,2.506,0,2.506,0.118,202307,RL,10,4545,33.2145,-118.1317,161729,female,Y,212,,,,33.2145,-118.1317,33.1998,-118.1817,2023-07-21T10:34:00Z,2023-07-21T11:19:00Z,19.9,TSG,4,N,"-118.1317,33.2145","-118.1817,33.1998",-2.145
Sardinops sagax,0,16795,32,33,2.097,0,2.097,0.0755,202307,RL,12,4547,33.4757,-118.499,161729,female,Y,189,,,,33.4757,-118.499,33.5132,-118.5118,2023-07-22T10:36:00Z,2023-07-22T11:20:00Z,20.9,TSG,3.6,N,"-118.499,33.4757","-118.5118,33.5132",-1.958
Sardinops sagax,0,16796,32,34,2.097,0,2.097,0.064,202307,RL,12,4547,33.4757,-118.499,161729,female,Y,177,,,,33.4757,-118.499,33.5132,-118.5118,2023-07-22T10:36:00Z,2023-07-22T11:20:00Z,20.9,TSG,3.6,N,"-118.499,33.4757","-118.5118,33.5132",-1.958
Sardinops sagax,0,16856,14,22,1.318,12.8006,14.1186,0.072,202307,SH,56,4591,44.4475,-124.4105,161729,unknown,Y,173,,,,44.4475,-124.4105,44.403,-124.4213,2023-10-13T12:27:00Z,2023-10-13T13:12:00Z,13.8,TSG,3.2,N,"-124.4105,44.4475","-124.4213,44.403",-0.184
Sardinops sagax,0,16857,14,36,1.318,12.8006,14.1186,0.1085,202307,SH,56,4591,44.4475,-124.4105,161729,unknown,Y,195,,,,44.4475,-124.4105,44.403,-124.4213,2023-10-13T12:27:00Z,2023-10-13T13:12:00Z,13.8,TSG,3.2,N,"-124.4105,44.4475","-124.4213,44.403",-0.184
Sardinops sagax,0,16858,14,37,1.318,12.8006,14.1186,0.121,202307,SH,56,4591,44.4475,-124.4105,161729,unknown,Y,193,,,,44.4475,-124.4105,44.403,-124.4213,2023-10-13T12:27:00Z,2023-10-13T13:12:00Z,13.8,TSG,3.2,N,"-124.4105,44.4475","-124.4213,44.403",-0.184
Sardinops sagax,0,16859,14,38,1.318,12.8006,14.1186,0.092,202307,SH,56,4591,44.4475,-124.4105,161729,unknown,Y,183,,,,44.4475,-124.4105,44.403,-124.4213,2023-10-13T12:27:00Z,2023-10-13T13:12:00Z,13.8,TSG,3.2,N,"-124.4105,44.4475","-124.4213,44.403",-0.184
Sardinops sagax,0,16860,14,44,1.318,12.8006,14.1186,0.083,202307,SH,56,4591,44.4475,-124.4105,161729,unknown,Y,186,,,,44.4475,-124.4105,44.403,-124.4213,2023-10-13T12:27:00Z,2023-10-13T13:12:00Z,13.8,TSG,3.2,N,"-124.4105,44.4475","-124.4213,44.403",-0.184
Sardinops sagax,0,16861,14,45,1.318,12.8006,14.1186,0.1215,202307,SH,56,4591,44.4475,-124.4105,161729,unknown,Y,197,,,,44.4475,-124.4105,44.403,-124.4213,2023-10-13T12:27:00Z,2023-10-13T13:12:00Z,13.8,TSG,3.2,N,"-124.4105,44.4475","-124.4213,44.403",-0.184
Sardinops sagax,0,16862,14,50,1.318,12.8006,14.1186,0.0725,202307,SH,56,4591,44.4475,-124.4105,161729,unknown,Y,183,,,,44.4475,-124.4105,44.403,-124.4213,2023-10-13T12:27:00Z,2023-10-13T13:12:00Z,13.8,TSG,3.2,N,"-124.4105,44.4475","-124.4213,44.403",-0.184
Sardinops sagax,0,16863,14,52,1.318,12.8006,14.1186,0.118,202307,SH,56,4591,44.4475,-124.4105,161729,unknown,Y,193,,,,44.4475,-124.4105,44.403,-124.4213,2023-10-13T12:27:00Z,2023-10-13T13:12:00Z,13.8,TSG,3.2,N,"-124.4105,44.4475","-124.4213,44.403",-0.184
Sardinops sagax,0,16864,14,60,1.318,12.8006,14.1186,0.1235,202307,SH,56,4591,44.4475,-124.4105,161729,unknown,Y,200,,,,44.4475,-124.4105,44.403,-124.4213,2023-10-13T12:27:00Z,2023-10-13T13:12:00Z,13.8,TSG,3.2,N,"-124.4105,44.4475","-124.4213,44.403",-0.184
Sardinops sagax,0,16865,14,61,1.318,12.8006,14.1186,0.114,202307,SH,56,4591,44.4475,-124.4105,161729,unknown,Y,193,,,,44.4475,-124.4105,44.403,-124.4213,2023-10-13T12:27:00Z,2023-10-13T13:12:00Z,13.8,TSG,3.2,N,"-124.4105,44.4475","-124.4213,44.403",-0.184
Sardinops sagax,0,16866,14,69,1.318,12.8006,14.1186,0.0455,202307,SH,56,4591,44.4475,-124.4105,161729,unknown,Y,160,,,,44.4475,-124.4105,44.403,-124.4213,2023-10-13T12:27:00Z,2023-10-13T13:12:00Z,13.8,TSG,3.2,N,"-124.4105,44.4475","-124.4213,44.403",-0.184
Sardinops sagax,0,16867,14,73,1.318,12.8006,14.1186,0.0625,202307,SH,56,4591,44.4475,-124.4105,161729,unknown,Y,168,,,,44.4475,-124.4105,44.403,-124.4213,2023-10-13T12:27:00Z,2023-10-13T13:12:00Z,13.8,TSG,3.2,N,"-124.4105,44.4475","-124.4213,44.403",-0.184
Sardinops sagax,0,16992,72,73,0.4455,1.6712,2.1167,0.0065,202307,SH,61,4596,45.6325,-124.065,161729,unknown,Y,86,,,,45.6325,-124.065,45.5885,-124.0648,2023-10-15T09:30:00Z,2023-10-15T10:17:00Z,13.3,TSG,3.9,N,"-124.065,45.6325","-124.0648,45.5885",-0.428
Sardinops sagax,0,16993,72,74,0.4455,1.6712,2.1167,0.0065,202307,SH,61,4596,45.6325,-124.065,161729,unknown,Y,83,,,,45.6325,-124.065,45.5885,-124.0648,2023-10-15T09:30:00Z,2023-10-15T10:17:00Z,13.3,TSG,3.9,N,"-124.065,45.6325","-124.0648,45.5885",-0.428
Sardinops sagax,0,16994,72,75,0.4455,1.6712,2.1167,0.005,202307,SH,61,4596,45.6325,-124.065,161729,unknown,Y,80,,,,45.6325,-124.065,45.5885,-124.0648,2023-10-15T09:30:00Z,2023-10-15T10:17:00Z,13.3,TSG,3.9,N,"-124.065,45.6325","-124.0648,45.5885",-0.428
Sardinops sagax,0,17071,73,74,0.8895,0.0635,0.953,0.0115,202307,SH,67,4602,43.9745,-124.256,161729,unknown,Y,98,,,,43.9745,-124.256,43.932,-124.2858,2023-10-27T09:59:00Z,2023-10-27T10:44:00Z,12.8,TSG,3.7,N,"-124.256,43.9745","-124.2858,43.932",-0.865
Sardinops sagax,0,17072,73,75,0.8895,0.0635,0.953,0.0125,202307,SH,67,4602,43.9745,-124.256,161729,unknown,Y,103,,,,43.9745,-124.256,43.932,-124.2858,2023-10-27T09:59:00Z,2023-10-27T10:44:00Z,12.8,TSG,3.7,N,"-124.256,43.9745","-124.2858,43.932",-0.865
Sardinops sagax,0,17078,4,6,0.4255,0,0.4255,0.084,202307,SH,76,4611,47.4508,-124.6242,161729,female,Y,191,,,,47.4508,-124.6242,47.4075,-124.6718,2023-10-31T03:07:00Z,2023-10-31T03:52:00Z,13.8,TSG,4.3,N,"-124.6242,47.4508","-124.6718,47.4075",-0.111
Sardinops sagax,0,17079,4,10,0.4255,0,0.4255,0.1235,202307,SH,76,4611,47.4508,-124.6242,161729,female,Y,213,,,,47.4508,-124.6242,47.4075,-124.6718,2023-10-31T03:07:00Z,2023-10-31T03:52:00Z,13.8,TSG,4.3,N,"-124.6242,47.4508","-124.6718,47.4075",-0.111
Sardinops sagax,0,17080,4,15,0.4255,0,0.4255,0.1065,202307,SH,76,4611,47.4508,-124.6242,161729,female,Y,202,,,,47.4508,-124.6242,47.4075,-124.6718,2023-10-31T03:07:00Z,2023-10-31T03:52:00Z,13.8,TSG,4.3,N,"-124.6242,47.4508","-124.6718,47.4075",-0.111
Sardinops sagax,0,17083,3,4,0.2595,0,0.2595,0.137,202307,SH,79,4614,48.1132,-124.9798,161729,female,Y,216,,,,48.1132,-124.9798,48.0688,-125.0262,2023-11-01T02:38:00Z,2023-11-01T03:24:00Z,12.6,TSG,4.2,N,"-124.9798,48.1132","-125.0262,48.0688",-0.122
Sardinops sagax,0,17089,9,10,1.2635,0,1.2635,0.2915,202307,SH,80,4615,48.1288,-125.145,161729,female,Y,280,,,,48.1288,-125.145,48.0768,-125.1448,2023-11-01T05:13:00Z,2023-11-01T05:58:00Z,12,TSG,3.6,N,"-125.145,48.1288","-125.1448,48.0768",-0.678
Sardinops sagax,0,17090,9,11,1.2635,0,1.2635,0.131,202307,SH,80,4615,48.1288,-125.145,161729,female,Y,214,,,,48.1288,-125.145,48.0768,-125.1448,2023-11-01T05:13:00Z,2023-11-01T05:58:00Z,12,TSG,3.6,N,"-125.145,48.1288","-125.1448,48.0768",-0.678
Sardinops sagax,0,17091,9,16,1.2635,0,1.2635,0.031,202307,SH,80,4615,48.1288,-125.145,161729,male,Y,141,,,,48.1288,-125.145,48.0768,-125.1448,2023-11-01T05:13:00Z,2023-11-01T05:58:00Z,12,TSG,3.6,N,"-125.145,48.1288","-125.1448,48.0768",-0.678
Sardinops sagax,0,17092,9,18,1.2635,0,1.2635,0.1325,202307,SH,80,4615,48.1288,-125.145,161729,male,Y,213,,,,48.1288,-125.145,48.0768,-125.1448,2023-11-01T05:13:00Z,2023-11-01T05:58:00Z,12,TSG,3.6,N,"-125.145,48.1288","-125.1448,48.0768",-0.678
